Statistic,Value
count,5733.0
mean,62591.586429443574
std,79532.94375325457
min,178.9060139014808
25%,13690.19422074846
50%,42000.0
75%,82069.81132075471
max,1483525.9158955843
