Statistic,Value
count,4226.0
mean,67109.59110269758
std,80551.5626674355
min,244.65379180405088
25%,19268.497924909283
50%,48335.85084804281
75%,85282.45254470427
max,1483525.9158955843
