group,count,r2,rmse,mse,mae,mape,medae
00020,349,0.8763970598008765,29599.637328280318,876138529.9657255,18935.57253895085,0.18469343492923304,12577.755969207006
00275,336,0.8742618696436416,5590.956499948162,31258794.5843126,3366.2235436830433,0.20529171819060377,2092.7448135057057
00210,140,0.8723581128206683,4588.384833243334,21053275.37793745,1413.5945604396481,0.17506069286643228,427.3383178193908
00100,28,0.8249268812410282,69383.75512520978,4814105475.275073,37027.45826619524,0.6054145569593766,17848.779207712163
00030,221,0.8190891527818174,18455.471999205576,340604446.71346104,12870.41705541287,0.18650765349294313,9292.768370193684
00200,47,0.7386511743423573,107349.97839780634,11524017862.009487,39717.32188510118,0.33952468881720743,8610.764977912426
00040,10,0.6861591050273732,12418.034032031024,154207569.2206807,7728.700504451498,0.15225483043069493,3528.8107038645794
