group,count,r2,rmse,mse,mae,mape,medae
8,40,0.7273093490860412,10712.149163085773,114750139.69219923,4449.602057830184,0.3587154422712664,853.8894113333403
2,92,0.5858083298501642,57724.916486759765,3332165983.4033895,39616.98271532258,0.3610685944701579,28253.383194071095
18,87,0.42800084069797817,10270.467318944466,105482498.94950633,7226.416395733974,0.5981923984738825,5217.144688511653
3,62,-0.16321704671188275,31335.947014334313,981941575.2851676,21806.88557336964,0.3202752495360883,17321.53364145596
7,13,-0.3013020226052183,46496.12334447222,2161889486.064374,31365.479580894193,0.5993351534171316,16254.790848955974
