group,count,r2,rmse,mse,mae,mape,medae
8,40,0.6744826983033498,11703.844030387383,136979965.08763438,4680.494160607707,0.3864413905726999,1193.6562856517703
2,90,0.6469530901617446,53252.08008254707,2835784033.118006,37777.66822534294,0.35718227848968626,25947.29885881301
18,89,0.47482657526876504,9809.111628763778,96218670.94554876,6513.4935638555025,0.5533789300213142,4049.7999569144013
7,13,0.33883737904272415,33142.23852536431,1098407974.4721422,26816.521627494036,0.6120398836566384,23136.20042997764
3,62,-0.2353284495708874,32292.64860699678,1042815154.0549711,22077.31359145882,0.33250403809697393,14828.795431831626
