group,count,r2,rmse,mse,mae,mape,medae
00210,40,0.7273093490860412,10712.149163085773,114750139.69219923,4449.602057830184,0.3587154422712664,853.8894113333403
00020,92,0.5858083298501642,57724.916486759765,3332165983.4033895,39616.98271532258,0.3610685944701579,28253.383194071095
00275,87,0.42800084069797817,10270.467318944466,105482498.94950633,7226.416395733974,0.5981923984738825,5217.144688511653
00030,59,-0.11971612685648458,31312.29214403939,980459639.3136709,21604.10253514876,0.31843088587939467,17258.487909918942
00200,13,-0.3013020226052183,46496.12334447222,2161889486.064374,31365.479580894193,0.5993351534171316,16254.790848955974
