group,count,r2,rmse,mse,mae,mape,medae
D2,29,0.9048455591875563,21081.46524513516,444428176.88184166,15611.795715527049,0.3396250353230403,12991.241552952768
C2,26,0.8113593445539332,18827.984829191115,354493012.72825074,12421.954923285475,0.3048593345076951,7621.923811356486
B1,97,0.702074219378402,50653.353351314785,2565762205.733153,30200.5049148949,0.4224201216517979,17035.00396734652
D3,26,0.6864862467698546,21461.743028998688,460606413.84277374,13028.96136684101,0.4508870386993393,6404.835851899486
C4,54,0.6815129399474178,32918.62574449218,1083635920.9059432,22125.297268627943,1.370586316759634,13710.554508939984
C5,24,0.6740580569885134,21470.475454367228,460981316.2365857,13536.212248416405,0.3702036100396346,5030.421351845134
D1,22,0.25961403476198575,28394.761829078918,806262499.3301171,14931.43668437602,0.5153532773043176,7232.207131140418
C3,18,-0.3668223224918894,37415.591817305954,1399926511.039252,24092.41345504017,1.004861970021745,12828.387753094896
