group,count,r2,rmse,mse,mae,mape,medae
00020,93,0.5543391815745391,70508.18348321413,4971403938.102591,44086.88353546525,0.3723398356287371,26539.229799410896
00200,11,0.19160967867769807,39188.64004184248,1535749508.3291001,28490.927838977488,0.5714769684730705,23532.13594050301
00030,57,-0.21733369468660757,32797.51463660063,1075676966.3380327,21276.921031889833,0.30476270887358775,13630.53286137263
