group,count,r2,rmse,mse,mae,mape,medae
00210,68,0.7114443164489208,9014.078934225028,81253619.03243941,3632.353200171211,0.4042471169684095,1032.5296626010902
00020,164,0.5577176626830945,62839.916634710746,3948855122.6573963,39626.08374645193,0.3246739656185984,23374.83868687092
00275,181,0.553103891232908,10505.053456177955,110356148.11715639,6916.144062469833,0.4855322850280841,4534.042879866
00100,18,0.2400219691211538,103538.77940072941,10720278839.79291,67824.02839761827,2.384089798082495,41499.75940509334
00030,111,0.17362987385319917,35073.81435947165,1230172453.7226799,24235.47913444817,0.4876830704016637,16140.387814086265
00200,23,-0.8142364221532334,71499.14859577102,5112128249.920146,41157.29513057779,0.6607050833490034,17665.531162109208
