group,count,r2,rmse,mse,mae,mape,medae
D2,29,0.8581085212218771,26135.041441674122,683040391.1580237,15266.458797043026,0.3264244441548958,6729.9232568586995
C2,26,0.7937138904171426,19688.887797908188,387652302.718618,13173.224549029486,0.29849427687765906,6599.257088819169
B1,97,0.7390760246131279,47403.581157226414,2247099506.5297513,30272.312920916076,0.42892314229406453,18733.15485140952
C5,24,0.6641358489958542,21794.82380075326,475014344.50588083,13846.157814676042,0.34589287912616173,7816.633751545098
D3,26,0.6332023162623762,23214.00021921377,538889806.1776569,13309.675027807154,0.4851402602704948,6585.365720157166
C4,54,0.6268270028727578,32200.26934214193,1036857345.7064855,20248.677937791144,1.4244293218943431,9862.868038426743
D1,22,0.5790767230570089,21409.701525212484,458375319.3986858,13583.74161936209,0.47723336925500986,5355.712365363219
C3,18,0.41434676404474624,24491.583269018272,599837651.0232558,17997.954293234292,0.9829718042326184,11868.353858003182
