group,count,r2,rmse,mse,mae,mape,medae
8,40,0.6560572645320284,12030.524383056432,144733516.93131536,4141.935269922314,0.3149278502674264,934.5662479140631
2,92,0.6199841125468889,55292.15411723268,3057222306.9238114,39810.798709295945,0.37599577587335775,28651.95860798106
18,87,0.4575730858409701,10001.453609141614,100029074.2958118,6813.914135945265,0.5912219678215023,4158.401679337712
3,62,0.15619568614090673,26689.062323720515,712306047.7194378,19325.54790768223,0.2951914110169482,13626.548386334325
7,13,0.04752214706441282,39779.116707914814,1582378126.0619073,30209.219647625487,0.6552458577865143,21659.89895993283
