group,count,r2,rmse,mse,mae,mape,medae
D2,29,0.8156133701609654,29346.13934030894,861195894.1808279,17196.344857837903,0.32602510850902255,7359.634525674512
C2,26,0.815006657560336,18645.0795634947,347638991.92904764,12226.109009319624,0.288731353091544,6021.730658226425
B1,97,0.7467253335054603,46703.5652454334,2181223006.6344543,30900.219494858837,0.4236363722741023,18333.483594369234
C5,24,0.7156661162165447,20053.299740281967,402134830.47359276,12474.454190946644,0.294843606465839,5837.854722545939
D3,26,0.6799031283365384,21685.897805293418,470278163.62162995,12693.183736427405,0.48410882376523584,5452.077678765072
C4,54,0.6638419275564779,33819.53039475561,1143760636.1217985,22077.667449770262,1.2535836776227112,10343.214194021106
D1,22,0.48760886124686365,23621.634571019284,557981619.8067733,13733.348476442548,0.411167016113113,6241.808385740291
C3,18,0.4574587881128458,23572.896757883882,555681461.5578524,17838.38917781682,1.1059984009707282,14107.823617126971
