group,count,r2,rmse,mse,mae,mape,medae
00210,40,0.6744826983033498,11703.844030387383,136979965.08763438,4680.494160607707,0.3864413905726999,1193.6562856517703
00020,90,0.6469530901617446,53252.08008254707,2835784033.118006,37777.66822534294,0.35718227848968626,25947.29885881301
00275,89,0.47482657526876504,9809.111628763778,96218670.94554876,6513.4935638555025,0.5533789300213142,4049.7999569144013
00200,13,0.33883737904272415,33142.23852536431,1098407974.4721422,26816.521627494036,0.6120398836566384,23136.20042997764
00030,59,-0.19027992372970215,32283.859451295026,1042247581.0709711,21631.09921394126,0.3252723131408853,13789.001976833562
