{
  "80%": {
    "coverage": 0.7920792079207921,
    "average_width": 125648.90803916877,
    "average_width_pct": 213180.5483721421,
    "target_coverage": 0.8
  },
  "90%": {
    "coverage": 0.8811881188118812,
    "average_width": 162258.5621616715,
    "average_width_pct": 274701.76665964635,
    "target_coverage": 0.9
  }
}