{
  "80%": {
    "coverage": 0.813953488372093,
    "average_width": 143128.86807682842,
    "average_width_pct": 1262978.641608683,
    "target_coverage": 0.8
  },
  "90%": {
    "coverage": 0.9127906976744186,
    "average_width": 197248.52832579036,
    "average_width_pct": 1740345.6137140712,
    "target_coverage": 0.9
  }
}