{
  "80%": {
    "coverage": 0.761443661971831,
    "average_width": 129004.98922229045,
    "average_width_pct": 263825.82331025536,
    "target_coverage": 0.8
  },
  "90%": {
    "coverage": 0.8688380281690141,
    "average_width": 172434.56588097446,
    "average_width_pct": 351232.47245275066,
    "target_coverage": 0.9
  }
}