{
  "80%": {
    "coverage": 0.8085808580858086,
    "average_width": 130944.92617651967,
    "average_width_pct": 1285061.9794588273,
    "target_coverage": 0.8
  },
  "90%": {
    "coverage": 0.8943894389438944,
    "average_width": 170755.3163959865,
    "average_width_pct": 1677031.124944234,
    "target_coverage": 0.9
  }
}