{
  "model_key": "hgbt",
  "prefix": "tree",
  "primary_metric": "neg_mean_absolute_percentage_error",
  "best_primary_value": -0.037502653013538126,
  "best_params": {
    "learning_rate": 0.11564323687988118,
    "max_depth": 9,
    "max_leaf_nodes": 28,
    "l2_regularization": 4.254829768761493,
    "max_bins": 223,
    "min_samples_leaf": 47
  },
  "metrics_train": {
    "r2": 0.8635784527712276,
    "mse": 0.0728202776816764,
    "rmse": 0.26985232569254686,
    "mae": 0.17467202969214013,
    "mape": 0.01637328354471053,
    "explained_variance": 0.8635784550951011,
    "medae": 0.12607345994640706
  },
  "metrics_test": {
    "r2": 0.3743355865165716,
    "mse": 0.3176624390253267,
    "rmse": 0.5636155063740943,
    "mae": 0.3794540474069584,
    "mape": 0.034910717369326334,
    "explained_variance": 0.3805266743222422,
    "medae": 0.27810989957212673
  },
  "metrics_train_original": {
    "r2": 0.8691690743053289,
    "mse": 562249081.8004011,
    "rmse": 23711.792041100587,
    "mae": 14225.24781683199,
    "mape": 0.20988242968356852,
    "explained_variance": 0.8696523494335737,
    "medae": 9425.323530588197,
    "mape_floor": 0.1977916313862197
  },
  "metrics_test_original": {
    "r2": 0.5664280615793796,
    "mse": 3346651526.405391,
    "rmse": 57850.250875907106,
    "mae": 36582.36217343428,
    "mape": 0.7836922565676627,
    "explained_variance": 0.5664312753192811,
    "medae": 23619.37320051348,
    "mape_floor": 0.7836922565676627
  },
  "smearing_factor": 1.0331713205029505,
  "overfit": {
    "gap_r2": 0.48924286625465596,
    "gap_explained_variance": 0.48305178077285893,
    "ratio_rmse": 2.0886071851618695,
    "delta_rmse": 0.29376318068154744,
    "ratio_mse": 4.362279973909786,
    "delta_mse": 0.2448421613436503,
    "ratio_mae": 2.172380134791741,
    "delta_mae": 0.20478201771481824,
    "ratio_mape": 2.1321757040361287,
    "delta_mape": 0.018537433824615805,
    "ratio_medae": 2.2059353308011795,
    "delta_medae": 0.15203643962571967
  }
}