{
  "model_key": "hgbt",
  "prefix": "tree",
  "primary_metric": "neg_mean_absolute_percentage_error",
  "best_primary_value": -0.0388070317984685,
  "best_params": {
    "learning_rate": 0.1391704221375814,
    "max_depth": 5,
    "max_leaf_nodes": 68,
    "l2_regularization": 1.329470847042562e-06,
    "max_bins": 216,
    "min_samples_leaf": 10
  },
  "metrics_train": {
    "r2": 0.9696508304297053,
    "mse": 0.05822843235269145,
    "rmse": 0.24130568238790284,
    "mae": 0.17940501252237684,
    "mape": 0.017938550633973472,
    "explained_variance": 0.9696508304297053,
    "medae": 0.13841153659032557
  },
  "metrics_test": {
    "r2": 0.8373193015066952,
    "mse": 0.30552003856758203,
    "rmse": 0.5527386711345444,
    "mae": 0.4031953894474175,
    "mape": 0.04058855542821423,
    "explained_variance": 0.8373337544845377,
    "medae": 0.3140062231220373
  },
  "metrics_train_original": {
    "r2": 0.9256494924194711,
    "mse": 283577335.75814605,
    "rmse": 16839.754622860335,
    "mae": 9587.788518596304,
    "mape": 0.19278760705296083,
    "explained_variance": 0.925967356516305,
    "medae": 4483.566598739524,
    "mape_floor": 0.19001582501528874
  },
  "metrics_test_original": {
    "r2": 0.7189161241944675,
    "mse": 1441794818.0105855,
    "rmse": 37970.97336137942,
    "mae": 21833.479043593954,
    "mape": 0.6287536153627213,
    "explained_variance": 0.7193614576345622,
    "medae": 11585.171623649105,
    "mape_floor": 0.6284270826643794
  },
  "smearing_factor": 1.0288950689345095,
  "overfit": {
    "gap_r2": 0.13233152892301014,
    "gap_explained_variance": 0.13231707594516762,
    "ratio_rmse": 2.29061605870519,
    "delta_rmse": 0.3114329887466416,
    "ratio_mse": 5.246921928398098,
    "delta_mse": 0.24729160621489057,
    "ratio_mae": 2.247403145422861,
    "delta_mae": 0.22379037692504067,
    "ratio_mape": 2.262644081810286,
    "delta_mape": 0.02265000479424076,
    "ratio_medae": 2.26864198503512,
    "delta_medae": 0.17559468653171173
  }
}