{
  "model_key": "hgbt",
  "prefix": "tree",
  "primary_metric": "neg_root_mean_squared_error",
  "best_primary_value": -7.857160941469161,
  "best_params": {
    "learning_rate": 0.11077296138068414,
    "max_depth": 10,
    "max_leaf_nodes": 153,
    "l2_regularization": 0.00035000322621901156,
    "max_bins": 151,
    "min_samples_leaf": 45
  },
  "metrics_train": {
    "r2": 0.9643775950089246,
    "mse": 11.794307876438298,
    "rmse": 3.4342841869068286,
    "mae": 2.450365868206331,
    "mape": 0.048731566772200155,
    "explained_variance": 0.9643775950089246,
    "medae": 1.7838696892354307
  },
  "metrics_test": {
    "r2": 0.9584004747671971,
    "mse": 16.037652227925893,
    "rmse": 4.004703762817656,
    "mae": 2.7858722076451543,
    "mape": 0.053234372056298565,
    "explained_variance": 0.9584202227533989,
    "medae": 2.017087163290272
  },
  "metrics_train_original": {
    "r2": 0.9154435584115254,
    "mse": 352937481.6800193,
    "rmse": 18786.630397173925,
    "mae": 8841.962808784734,
    "mape": 0.19405084320111346,
    "explained_variance": 0.9164501298465787,
    "medae": 4128.2009281227365,
    "mape_floor": 0.18787325850286596
  },
  "metrics_test_original": {
    "r2": 0.8758329207750248,
    "mse": 951008663.0681083,
    "rmse": 30838.428349513993,
    "mae": 12258.57463927615,
    "mape": 0.21834745534170752,
    "explained_variance": 0.877919299215591,
    "medae": 4822.71603458951,
    "mape_floor": 0.20830484613974753
  },
  "smearing_factor": null,
  "overfit": {
    "gap_r2": 0.005977120241727474,
    "gap_explained_variance": 0.005957372255525728,
    "ratio_rmse": 1.1660956242600848,
    "delta_rmse": 0.5704195759108277,
    "ratio_mse": 1.3597790049185168,
    "delta_mse": 4.243344351487595,
    "ratio_mae": 1.1369209160934053,
    "delta_mae": 0.33550633943882335,
    "ratio_mape": 1.0924001747193386,
    "delta_mape": 0.00450280528409841,
    "ratio_medae": 1.1307368332239554,
    "delta_medae": 0.2332174740548414
  }
}