{
  "model_key": "hgbt",
  "prefix": "tree",
  "primary_metric": "neg_root_mean_squared_error",
  "best_primary_value": -6.971078587852481,
  "best_params": {
    "learning_rate": 0.29501679951269855,
    "max_depth": 8,
    "max_leaf_nodes": 22,
    "l2_regularization": 0.0016016830749850724,
    "max_bins": 148,
    "min_samples_leaf": 15
  },
  "metrics_train": {
    "r2": 0.9783834421420624,
    "mse": 6.420898473111592,
    "rmse": 2.5339491851873417,
    "mae": 1.8594607574934134,
    "mape": 0.039258282933549854,
    "explained_variance": 0.9783834421420624,
    "medae": 1.3593987515365953
  },
  "metrics_test": {
    "r2": 0.8337202109262419,
    "mse": 55.686509931779234,
    "rmse": 7.462339440938025,
    "mae": 5.5324923873604925,
    "mape": 0.11102925641700441,
    "explained_variance": 0.8337754399731795,
    "medae": 4.207338272079809
  },
  "metrics_train_original": {
    "r2": 0.9653907819892095,
    "mse": 144325308.88063392,
    "rmse": 12013.546890100106,
    "mae": 6480.296676498278,
    "mape": 0.14888762097078317,
    "explained_variance": 0.9657354062080897,
    "medae": 3354.1817362708607,
    "mape_floor": 0.14596500298688694
  },
  "metrics_test_original": {
    "r2": 0.6605451097161406,
    "mse": 2003960044.2601423,
    "rmse": 44765.61229627204,
    "mae": 22963.90042037894,
    "mape": 0.49939169956738505,
    "explained_variance": 0.6638884477113041,
    "medae": 10440.489248683443,
    "mape_floor": 0.49675739115438655
  },
  "smearing_factor": null,
  "overfit": {
    "gap_r2": 0.14466323121582048,
    "gap_explained_variance": 0.14460800216888292,
    "ratio_rmse": 2.944944391371571,
    "delta_rmse": 4.928390255750683,
    "ratio_mse": 8.672697468270876,
    "delta_mse": 49.26561145866764,
    "ratio_mae": 2.975320863893031,
    "delta_mae": 3.6730316298670793,
    "ratio_mape": 2.828174034125155,
    "delta_mape": 0.07177097348345456,
    "ratio_medae": 3.0949993644793685,
    "delta_medae": 2.847939520543214
  }
}