{
  "model_key": "hgbt",
  "prefix": "tree",
  "primary_metric": "neg_mean_absolute_percentage_error",
  "best_primary_value": -0.1193495433039337,
  "best_params": {
    "learning_rate": 0.11158390344595893,
    "max_depth": 8,
    "max_leaf_nodes": 52,
    "l2_regularization": 0.6439212028879981,
    "max_bins": 189,
    "min_samples_leaf": 27
  },
  "metrics_train": {
    "r2": 0.9734665983323312,
    "mse": 15.739369707894653,
    "rmse": 3.9672874496177677,
    "mae": 2.909530307358883,
    "mape": 0.04766725153880895,
    "explained_variance": 0.9734665984475404,
    "medae": 2.170662569015377
  },
  "metrics_test": {
    "r2": 0.8243789008484007,
    "mse": 111.39101132105525,
    "rmse": 10.554194015700832,
    "mae": 7.743901619402916,
    "mape": 0.12337017657687403,
    "explained_variance": 0.8244171417077606,
    "medae": 5.65830097936086
  },
  "metrics_train_original": {
    "r2": 0.9461207633055781,
    "mse": 191983720.42364925,
    "rmse": 13855.819009486564,
    "mae": 7359.039335392137,
    "mape": 0.16869506759697528,
    "explained_variance": 0.9467765161580322,
    "medae": 3830.837238043903,
    "mape_floor": 0.1638398672199484
  },
  "metrics_test_original": {
    "r2": 0.7492502740119653,
    "mse": 1286198486.1673331,
    "rmse": 35863.609497195524,
    "mae": 21449.485294743678,
    "mape": 0.5864207569716996,
    "explained_variance": 0.7496469077962097,
    "medae": 11499.845930493073,
    "mape_floor": 0.5842186555364066
  },
  "smearing_factor": null,
  "overfit": {
    "gap_r2": 0.14908769748393047,
    "gap_explained_variance": 0.14904945673977976,
    "ratio_rmse": 2.660304842977205,
    "delta_rmse": 6.586906566083064,
    "ratio_mse": 7.077221857567971,
    "delta_mse": 95.65164161316059,
    "ratio_mae": 2.6615641706212085,
    "delta_mae": 4.834371312044032,
    "ratio_mape": 2.588153765828737,
    "delta_mape": 0.07570292503806508,
    "ratio_medae": 2.606716059939013,
    "delta_medae": 3.4876384103454825
  }
}