{
  "80%": {
    "coverage": 0.7906976744186046,
    "average_width": 141792.55874191108,
    "average_width_pct": 1254359.214448096,
    "target_coverage": 0.8
  },
  "90%": {
    "coverage": 0.8953488372093024,
    "average_width": 194504.25223990975,
    "average_width_pct": 1719628.7227516773,
    "target_coverage": 0.9
  }
}