{
  "80%": {
    "coverage": 0.7920792079207921,
    "average_width": 125791.25841335092,
    "average_width_pct": 219026.90828631667,
    "target_coverage": 0.8
  },
  "90%": {
    "coverage": 0.8910891089108911,
    "average_width": 161297.08793235428,
    "average_width_pct": 279452.8024580812,
    "target_coverage": 0.9
  }
}