{
  "80%": {
    "coverage": 0.8151815181518152,
    "average_width": 131950.51584660477,
    "average_width_pct": 1294707.523812478,
    "target_coverage": 0.8
  },
  "90%": {
    "coverage": 0.900990099009901,
    "average_width": 173394.59420807302,
    "average_width_pct": 1698432.5648789508,
    "target_coverage": 0.9
  }
}