{
  "80%": {
    "coverage": 0.7552816901408451,
    "average_width": 127891.29682027869,
    "average_width_pct": 261098.65474259475,
    "target_coverage": 0.8
  },
  "90%": {
    "coverage": 0.8679577464788732,
    "average_width": 172562.9875177575,
    "average_width_pct": 352898.9860060145,
    "target_coverage": 0.9
  }
}