group,count,r2,rmse,mse,mae,mape,medae
D2,29,0.8997676491178458,21636.65998751024,468145055.41512656,15447.993689588482,0.3004278138303972,9004.159347936707
C2,26,0.7712580180961354,20732.85599314294,429851317.63240314,13605.308629656514,0.3013925836512321,6266.271931924743
B1,97,0.7285553484929126,48349.81350149751,2337704465.629591,29697.336974805974,0.40614889498067663,16772.233936177363
D3,26,0.6766667095814729,21795.252408508175,475033027.5505814,13084.324591832972,0.5024420066945383,6834.57627766885
C4,54,0.6612647818313768,33948.9210807505,1152529242.5470257,22873.328874129973,1.2887543935652692,9123.91855861056
C5,24,0.6525819666245212,22166.53012967781,491355057.9899142,14274.48087771085,0.36552483371236083,7742.637419487975
D1,22,0.5906811721081937,21112.51651589674,445738353.63401264,12799.742968537546,0.4402887154882563,7216.592812367082
C3,18,0.028446271979163162,31544.961292710923,995084582.9586304,21730.10563862952,1.0369310961680507,12853.761263548044
