group,count,r2,rmse,mse,mae,mape,medae
8,40,0.7817149308356502,9584.147800649218,91855889.06468925,4129.040676379704,0.32387286517730063,908.8149626767096
2,92,0.6268349055921897,54791.493647865675,3002107776.1641045,38671.964796059954,0.34969146290820186,27742.17656696269
18,87,0.3820136788968509,10675.345532070003,113963002.229087,7424.558595316529,0.6371703132941481,5397.601878689438
7,13,0.21778426735958833,36048.81271758673,1299516898.3476427,28242.17648023798,0.5425764637577098,18227.06504073346
3,62,-0.24399262665671917,32405.695607688576,1050129107.8181666,22261.505304574643,0.31115863644277164,14264.732126186362
