group,count,r2,rmse,mse,mae,mape,medae
D2,17,0.7139208104924708,32934.05862549605,1084652217.5476108,23881.078815287045,0.2954091429098382,17614.384119839437
B1,63,0.5742682878625368,79571.26524715958,6331586253.033827,48219.2696236183,0.4065174101885018,27105.578923118606
C4,28,0.277774551567018,38488.051150560925,1481330081.3681939,29553.690947713254,2.2943366801830183,22527.337103880236
C2,15,0.10559205882635736,23744.98570655822,563824346.2046541,19524.39537345857,0.2599263843508629,14364.679987688127
D1,15,0.015394853144900078,30417.445553432226,925220993.9960139,21771.98955732764,0.4806624907844606,14397.391649107354
D3,10,0.013688637071310183,39064.6049356001,1526043358.7745118,28876.53074940977,0.4618629314295652,24213.925605668686
C5,10,-0.34207885403190974,31253.109117346172,976756829.5007465,25202.060499199193,0.331309146390275,24142.480511086454
