group,count,r2,rmse,mse,mae,mape,medae
C2,26,0.8169665296303625,18546.050943593298,343956005.6023578,11673.410533112836,0.2952620841936277,5664.075030796148
D2,29,0.8079150739995531,29952.488106044726,897151543.7427509,17726.493667297455,0.3010117127775349,5440.927249473452
D3,26,0.7473446782577942,19266.41528058799,371194757.7640744,11695.309691516857,0.5575604968803965,5842.12008885762
B1,97,0.7340285259797232,47859.88920592242,2290568994.8031697,30192.968603852383,0.41887924094295415,17550.51061652245
C5,24,0.6824098312400235,21193.61602565326,449169360.24282676,13432.828092640535,0.36422624529812336,5962.609247565186
C4,54,0.6342124084956486,35278.51411577908,1244573558.2172236,23982.86914021329,1.453429334985627,16689.350481658028
D1,22,0.5884161798545244,21170.849668659415,448204875.6929764,12495.612667400086,0.37574527092294185,6188.887029021531
C3,18,0.07866709692675422,30718.84468444105,943647418.7468122,21712.03949312353,1.2668874658378206,16838.911012109984
