group,count,r2,rmse,mse,mae,mape,medae
8,40,0.7419244330440027,10421.132845887656,108600009.79163854,4512.8598844688895,0.37866188968476366,1009.4791770961625
2,90,0.6598636354424864,52269.32623451183,2732082465.009826,38509.26908386571,0.3658538857461141,27800.141184039232
18,89,0.4881079111888905,9684.283954928635,93785355.71968819,6862.725160497453,0.6120062197651838,4696.701592638885
7,13,0.318647253006077,33644.470514066306,1131950396.171877,25939.234383999432,0.5838569650030918,18298.286054527667
3,62,-0.09107804767976035,30348.71827480338,921044700.9233847,20097.617963852852,0.29758598229673916,13141.596524488643
