group,count,r2,rmse,mse,mae,mape,medae
00020,93,0.5625540561316125,69855.32157510913,4879765952.361908,42023.47845448418,0.3440641682065688,26592.2710666895
00200,11,0.23162422807244987,38206.43104706072,1459731373.3538055,26418.434711004364,0.49643426622256437,17621.229840255022
00030,57,-0.08536621371805997,30968.79178821443,959066064.8217773,21820.798241755565,0.3273394968030022,16768.326858930966
