group,count,r2,rmse,mse,mae,mape,medae
00100,28,0.9616841055438952,32459.18047411451,1053598397.0511367,21040.483432501664,0.38664002357500254,11839.48610420107
00210,140,0.9537294874272927,2762.583302352158,7631866.502434955,1056.4304904099433,0.15345629321316495,321.07965335563915
00020,349,0.9159894274400664,24402.76071163158,595494730.34915,17696.072058595524,0.18265924773318587,12878.834600924893
00200,47,0.9051493790581132,64671.32724954332,4182380568.217524,26577.10523626262,0.2162879231054658,5765.15974750488
00275,336,0.8741331303695921,5593.817968996594,31290799.470269173,3497.6812907599547,0.20727958308543926,2163.9871617267872
00030,221,0.8045054284831925,19184.929351593608,368061514.225638,13088.101475201796,0.19327874756972674,10007.209966694805
00040,10,0.7250049874004251,11624.130784345896,135120416.49157795,7265.700699687464,0.14519913921208577,3846.1866631392113
