group,count,r2,rmse,mse,mae,mape,medae
00210,40,0.6917413042577774,11389.355670023255,129717422.57829086,4116.977923386281,0.3556000357874883,1103.2617505742096
00020,92,0.6462747809045749,53345.23653543458,2845714261.021465,38906.53340619787,0.3741148636050099,33721.279475016054
00275,87,0.48998159926727425,9698.072630354776,94052612.7436364,6987.779429043999,0.617629704184508,4960.889051197463
00200,13,0.2681369292015171,34869.25022675787,1215864611.3762536,26734.527177183838,0.5612169207889014,20166.415438066997
00030,59,-0.0263355627014632,29978.20205573869,898692598.4946954,19443.351850319545,0.28317811914770624,13556.117037549622
