group,count,r2,rmse,mse,mae,mape,medae
00210,40,0.7419244330440027,10421.132845887656,108600009.79163854,4512.8598844688895,0.37866188968476366,1009.4791770961625
00020,90,0.6598636354424864,52269.32623451183,2732082465.009826,38509.26908386571,0.3658538857461141,27800.141184039232
00275,89,0.4881079111888905,9684.283954928635,93785355.71968819,6862.725160497453,0.6120062197651838,4696.701592638885
00200,13,0.318647253006077,33644.470514066306,1131950396.171877,25939.234383999432,0.5838569650030918,18298.286054527667
00030,59,-0.041897492389958435,30204.620958097308,912319127.222331,19646.024123634073,0.291382210753394,12834.709825487778
