group,count,r2,rmse,mse,mae,mape,medae
5,28,0.9616841055438952,32459.18047411451,1053598397.0511367,21040.483432501664,0.38664002357500254,11839.48610420107
8,140,0.9537294874272927,2762.583302352158,7631866.502434955,1056.4304904099433,0.15345629321316495,321.07965335563915
2,349,0.9159894274400664,24402.76071163158,595494730.34915,17696.072058595524,0.18265924773318587,12878.834600924893
7,47,0.9051493790581132,64671.32724954332,4182380568.217524,26577.10523626262,0.2162879231054658,5765.15974750488
18,336,0.8741331303695921,5593.817968996594,31290799.470269173,3497.6812907599547,0.20727958308543926,2163.9871617267872
3,232,0.8097782424566542,18879.50846526311,356435839.88994133,12783.1448811316,0.192796439702977,9113.699464455807
