group,count,r2,rmse,mse,mae,mape,medae
D2,29,0.8581182511527288,26134.14534661694,682993552.9980998,15836.3629162494,0.31372858731000564,6379.259436932447
C2,26,0.830555816175555,17844.300346297285,318419054.8488654,11885.313359106161,0.3010492155712169,7193.097076155711
B1,97,0.7433293235135348,47015.632868462424,2210469734.022044,30364.420441588096,0.4191361727718787,17217.941823417896
C5,24,0.6970898284506972,20698.00393623167,428407366.9442617,12883.893733436926,0.3292269229036621,6176.088326018285
C4,54,0.6472734440548967,31305.70424948014,980047118.5559188,20877.009391523054,1.4736767045897807,11854.62691461491
D3,26,0.6338693029920638,23192.884388921655,537909886.2778858,13092.343892482257,0.4987423262484056,5490.229240069762
D1,22,0.578722013900264,21418.72052982111,458761589.1345802,13743.314497625606,0.4723552130038995,7466.242047234657
C3,18,0.37894811573748344,25220.89705317824,636093648.1670148,18653.302224029805,1.1773275648662311,15067.167818882413
