{
  "model_key": "gbr",
  "prefix": "tree",
  "primary_metric": "neg_mean_absolute_percentage_error",
  "best_primary_value": -0.12174982270483209,
  "best_params": {
    "learning_rate": 0.06494153736862908,
    "n_estimators": 441,
    "max_depth": 6,
    "subsample": 0.865988746778748,
    "min_samples_leaf": 32,
    "max_features": null,
    "min_samples_split": 36,
    "min_impurity_decrease": 0.0017632668109117304
  },
  "metrics_train": {
    "r2": 0.9837131025999409,
    "mse": 9.661237665068693,
    "rmse": 3.1082531533111477,
    "mae": 2.294169466719824,
    "mape": 0.03747487810431581,
    "explained_variance": 0.9837131756051826,
    "medae": 1.6508999891497353
  },
  "metrics_test": {
    "r2": 0.8143364767442542,
    "mse": 117.76060917962573,
    "rmse": 10.851756041287775,
    "mae": 7.920651544133733,
    "mape": 0.12852378814928264,
    "explained_variance": 0.8143369667781417,
    "medae": 5.666070079416485
  },
  "metrics_train_original": {
    "r2": 0.9723863069370813,
    "mse": 98393738.55503614,
    "rmse": 9919.361801801371,
    "mae": 5686.585176956991,
    "mape": 0.1280519219983604,
    "explained_variance": 0.9726932789658462,
    "medae": 2971.236999662884,
    "mape_floor": 0.12500774758006372
  },
  "metrics_test_original": {
    "r2": 0.7528437257007221,
    "mse": 1267766194.3513298,
    "rmse": 35605.70451980033,
    "mae": 21350.213267784617,
    "mape": 0.6321228748268362,
    "explained_variance": 0.7529100776111353,
    "medae": 11092.924345256532,
    "mape_floor": 0.6308148502224156
  },
  "smearing_factor": null,
  "overfit": {
    "gap_r2": 0.1693766258556867,
    "gap_explained_variance": 0.16937620882704085,
    "ratio_rmse": 3.4912716262276318,
    "delta_rmse": 7.743502887976627,
    "ratio_mse": 12.188977568102134,
    "delta_mse": 108.09937151455703,
    "ratio_mae": 3.452513713147175,
    "delta_mae": 5.626482077413909,
    "ratio_mape": 3.4295985644441935,
    "delta_mape": 0.09104891004496683,
    "ratio_medae": 3.4321098289755803,
    "delta_medae": 4.01517009026675
  }
}