{
  "model_key": "gbr",
  "prefix": "tree",
  "primary_metric": "neg_mean_absolute_percentage_error",
  "best_primary_value": -0.03599600518435839,
  "best_params": {
    "learning_rate": 0.014755884383302624,
    "n_estimators": 561,
    "max_depth": 5,
    "subsample": 0.5766601823183455,
    "min_samples_leaf": 1,
    "max_features": null,
    "min_samples_split": 7,
    "min_impurity_decrease": 0.009864438325883082
  },
  "metrics_train": {
    "r2": 0.9023774067806246,
    "mse": 0.052109835217738466,
    "rmse": 0.228275787629215,
    "mae": 0.17956848254787341,
    "mape": 0.016241682222613792,
    "explained_variance": 0.9023780757223426,
    "medae": 0.14911259282848288
  },
  "metrics_test": {
    "r2": 0.3981611937173313,
    "mse": 0.30556569781462783,
    "rmse": 0.5527799723349498,
    "mae": 0.36875042340723635,
    "mape": 0.03393371428682663,
    "explained_variance": 0.4015282936722021,
    "medae": 0.2704533175508814
  },
  "metrics_train_original": {
    "r2": 0.8796105022554316,
    "mse": 517376791.5031432,
    "rmse": 22745.918128383895,
    "mae": 15495.053603258215,
    "mape": 0.18934067614687897,
    "explained_variance": 0.8808999571332907,
    "medae": 10645.790682569204,
    "mape_floor": 0.18881210033326842
  },
  "metrics_test_original": {
    "r2": 0.5841819119369136,
    "mse": 3209613251.7074265,
    "rmse": 56653.44871856811,
    "mae": 34998.42374575556,
    "mape": 0.7244221042346946,
    "explained_variance": 0.5853350156903407,
    "medae": 22908.565972699216,
    "mape_floor": 0.7244221042346946
  },
  "smearing_factor": 1.026577840287528,
  "overfit": {
    "gap_r2": 0.5042162130632933,
    "gap_explained_variance": 0.5008497820501405,
    "ratio_rmse": 2.421544475110178,
    "delta_rmse": 0.32450418470573483,
    "ratio_mse": 5.8638776449366246,
    "delta_mse": 0.25345586259688935,
    "ratio_mae": 2.05353644567847,
    "delta_mae": 0.18918194085936293,
    "ratio_mape": 2.0892980063099422,
    "delta_mape": 0.017692032064212836,
    "ratio_medae": 1.8137523626993128,
    "delta_medae": 0.12134072472239854
  }
}