{
  "model_key": "gbr",
  "prefix": "tree",
  "primary_metric": "neg_mean_absolute_percentage_error",
  "best_primary_value": -0.0385117202653575,
  "best_params": {
    "learning_rate": 0.03768736018005988,
    "n_estimators": 900,
    "max_depth": 4,
    "subsample": 0.9984794870162674,
    "min_samples_leaf": 16,
    "max_features": null,
    "min_samples_split": 19,
    "min_impurity_decrease": 0.008942152831506968
  },
  "metrics_train": {
    "r2": 0.9756480272882553,
    "mse": 0.046722108570914994,
    "rmse": 0.216152974929597,
    "mae": 0.15803035346908675,
    "mape": 0.015884739389416275,
    "explained_variance": 0.9756480282900715,
    "medae": 0.1185194542678154
  },
  "metrics_test": {
    "r2": 0.8378856134442056,
    "mse": 0.30445648495248256,
    "rmse": 0.5517757560390657,
    "mae": 0.40161680313082304,
    "mape": 0.04028217179045402,
    "explained_variance": 0.8380186608317097,
    "medae": 0.3106644174322284
  },
  "metrics_train_original": {
    "r2": 0.9426076811491663,
    "mse": 218897777.59854367,
    "rmse": 14795.19440894724,
    "mae": 8283.383754593258,
    "mape": 0.16798704528374633,
    "explained_variance": 0.9427832158944253,
    "medae": 3916.325313187539,
    "mape_floor": 0.16560708932501914
  },
  "metrics_test_original": {
    "r2": 0.7472265041652542,
    "mse": 1296579234.153934,
    "rmse": 36008.044020106594,
    "mae": 21566.654888162986,
    "mape": 0.6005442836810908,
    "explained_variance": 0.7480296753075306,
    "medae": 10729.809809337647,
    "mape_floor": 0.6001952141211209
  },
  "smearing_factor": 1.0232979399590463,
  "overfit": {
    "gap_r2": 0.13776241384404964,
    "gap_explained_variance": 0.13762936745836174,
    "ratio_rmse": 2.552709516113688,
    "delta_rmse": 0.3356227811094687,
    "ratio_mse": 6.516325873657379,
    "delta_mse": 0.2577343763815676,
    "ratio_mae": 2.541390272909727,
    "delta_mae": 0.2435864496617363,
    "ratio_mape": 2.535903851044187,
    "delta_mape": 0.024397432401037745,
    "ratio_medae": 2.6212103266205387,
    "delta_medae": 0.19214496316441299
  }
}