{
  "model_key": "gbr",
  "prefix": "tree",
  "primary_metric": "neg_root_mean_squared_error",
  "best_primary_value": -7.745779576438431,
  "best_params": {
    "learning_rate": 0.016196771296296705,
    "n_estimators": 1011,
    "max_depth": 6,
    "subsample": 0.7476216635835371,
    "min_samples_leaf": 9,
    "max_features": null,
    "min_samples_split": 20,
    "min_impurity_decrease": 0.008122285144861357
  },
  "metrics_train": {
    "r2": 0.9694590535463133,
    "mse": 10.111875528977931,
    "rmse": 3.17991753493356,
    "mae": 2.3204358881250458,
    "mape": 0.04592429272859087,
    "explained_variance": 0.969459053565428,
    "medae": 1.7184594203838017
  },
  "metrics_test": {
    "r2": 0.9656878942976596,
    "mse": 13.228170643352614,
    "rmse": 3.6370552158789966,
    "mae": 2.634184749712546,
    "mape": 0.05009120308110199,
    "explained_variance": 0.9656890620192216,
    "medae": 1.9511343268825883
  },
  "metrics_train_original": {
    "r2": 0.9469269578255974,
    "mse": 221526184.14685327,
    "rmse": 14883.755713758987,
    "mae": 8103.684098061573,
    "mape": 0.17606535791841801,
    "explained_variance": 0.9477284371937758,
    "medae": 3980.218331223572,
    "mape_floor": 0.17284549804302562
  },
  "metrics_test_original": {
    "r2": 0.9390253560084785,
    "mse": 467011183.8449936,
    "rmse": 21610.44154673832,
    "mae": 10899.047660520158,
    "mape": 0.1986800063990963,
    "explained_variance": 0.9401562784001883,
    "medae": 4823.282135042681,
    "mape_floor": 0.19454200609784758
  },
  "smearing_factor": null,
  "overfit": {
    "gap_r2": 0.003771159248653788,
    "gap_explained_variance": 0.003769991546206497,
    "ratio_rmse": 1.1437577157028342,
    "delta_rmse": 0.4571376809454364,
    "ratio_mse": 1.3081817122297654,
    "delta_mse": 3.116295114374683,
    "ratio_mae": 1.135211174414741,
    "delta_mae": 0.31374886158750037,
    "ratio_mape": 1.0907343391685365,
    "delta_mape": 0.00416691035251112,
    "ratio_medae": 1.135397381945057,
    "delta_medae": 0.23267490649878653
  }
}