{
  "model_key": "gbr",
  "prefix": "tree",
  "primary_metric": "neg_mean_absolute_percentage_error",
  "best_primary_value": -0.12154114568862588,
  "best_params": {
    "learning_rate": 0.01983566604922096,
    "n_estimators": 893,
    "max_depth": 6,
    "subsample": 0.8378955822161887,
    "min_samples_leaf": 29,
    "max_features": null,
    "min_samples_split": 32,
    "min_impurity_decrease": 0.0016896194709669693
  },
  "metrics_train": {
    "r2": 0.9742965269342728,
    "mse": 15.318914016418567,
    "rmse": 3.913938427775604,
    "mae": 2.861669128288535,
    "mape": 0.046424984744687724,
    "explained_variance": 0.9742965376653533,
    "medae": 2.106421666675697
  },
  "metrics_test": {
    "r2": 0.823515073715106,
    "mse": 111.00419409209486,
    "rmse": 10.535852793774923,
    "mae": 7.764452501861603,
    "mape": 0.12621463810635938,
    "explained_variance": 0.8237355224157559,
    "medae": 5.739162565800015
  },
  "metrics_train_original": {
    "r2": 0.953855201135633,
    "mse": 165370271.2583116,
    "rmse": 12859.637291086852,
    "mae": 7219.051594434775,
    "mape": 0.162772216241542,
    "explained_variance": 0.9544544298436132,
    "medae": 3714.350292473142,
    "mape_floor": 0.15824142251355383
  },
  "metrics_test_original": {
    "r2": 0.7625246917646051,
    "mse": 1194371947.0449564,
    "rmse": 34559.6867324482,
    "mae": 20907.636902097347,
    "mape": 0.6349980598148226,
    "explained_variance": 0.7625984360194555,
    "medae": 10394.538205994395,
    "mape_floor": 0.634649596023066
  },
  "smearing_factor": null,
  "overfit": {
    "gap_r2": 0.1507814532191668,
    "gap_explained_variance": 0.15056101524959742,
    "ratio_rmse": 2.6918800559064313,
    "delta_rmse": 6.621914365999319,
    "ratio_mse": 7.246218235386813,
    "delta_mse": 95.6852800756763,
    "ratio_mae": 2.7132600429265046,
    "delta_mae": 4.902783373573069,
    "ratio_mape": 2.718679150902721,
    "delta_mape": 0.07978965336167165,
    "ratio_medae": 2.7246028924766144,
    "delta_medae": 3.632740899124318
  }
}