{
  "80%": {
    "coverage": 0.7821782178217822,
    "average_width": 125277.86115193175,
    "average_width_pct": 209701.51830139034,
    "target_coverage": 0.8
  },
  "90%": {
    "coverage": 0.8844884488448845,
    "average_width": 162574.52092314584,
    "average_width_pct": 270976.9818332365,
    "target_coverage": 0.9
  }
}