{
  "80%": {
    "coverage": 0.7854785478547854,
    "average_width": 125760.03343420646,
    "average_width_pct": 209842.84376277478,
    "target_coverage": 0.8
  },
  "90%": {
    "coverage": 0.8811881188118812,
    "average_width": 162554.13114160736,
    "average_width_pct": 272554.19867376616,
    "target_coverage": 0.9
  }
}