{
  "80%": {
    "coverage": 0.813953488372093,
    "average_width": 141274.39311930625,
    "average_width_pct": 1249794.0698116634,
    "target_coverage": 0.8
  },
  "90%": {
    "coverage": 0.8895348837209303,
    "average_width": 194799.6123242815,
    "average_width_pct": 1722444.4257984294,
    "target_coverage": 0.9
  }
}