group,count,r2,rmse,mse,mae,mape,medae
C2,26,0.8443842545037863,17100.66345810666,292432690.7074245,12100.895689948518,0.2936575658582834,8770.72607880642
D2,29,0.8137705955529777,29941.19728299704,896475294.7393494,20078.272108618883,0.4205259213911165,13250.366830222993
D3,26,0.7443680537833556,19379.575293562597,375567938.5588618,11722.713729524108,0.519209071655206,5631.239118649946
C4,54,0.7263849272465329,27572.389700201576,760236673.779782,18823.298740499336,1.164695428059553,12092.154676437352
C5,24,0.7016346496257833,20542.142139530522,421979603.6806757,12675.588489052883,0.29071306231966315,6357.1452366124395
B1,97,0.6389629060799087,55760.93805603814,3109282212.8893223,30702.027446761836,0.42686199853506995,16162.322760254014
D1,22,0.5701056283598563,21636.650055899325,468144625.6414482,14573.431779389519,0.4595175740362827,10642.882055060036
C3,18,0.5617733279474626,21185.85477396295,448840442.5034487,17428.925309182716,1.248643447539152,18409.36401932624
