group,count,r2,rmse,mse,mae,mape,medae
00100,28,0.9504308940406737,36919.31286523634,1363035662.4412053,23353.278377183986,0.4937212312807779,13549.89966370229
00210,140,0.92460735437266,3526.368707814626,12435276.263454195,1193.6737245737086,0.1568314374858694,372.5251238052159
00020,349,0.897791877688919,26916.25871153903,724484983.0265008,18672.816419996354,0.1886444250890402,13889.747977326188
00275,336,0.885744062567648,5329.567942151759,28404294.450011738,3499.3692641535677,0.21129082483726822,2276.1747093914746
00200,47,0.842571875128265,83316.85080132421,6941697627.450119,34545.460536912455,0.28873687061160885,7065.97418575186
00030,221,0.7970491944397229,19547.365914948416,382099514.21288705,13337.48298085992,0.196494399245948,9551.214828057498
00040,10,0.730083960263639,11516.285569114632,132624833.30939794,7260.515883498959,0.15464133406579395,2271.5634672204797
