group,count,r2,rmse,mse,mae,mape,medae
D2,17,0.6868449170354047,34457.34835764532,1187308855.840123,22852.59243206485,0.29989585618737286,18437.071917969923
B1,63,0.5193371330503571,84549.0143997366,7148535835.966867,48960.273839412774,0.4181800627934125,28308.510744874773
D3,10,0.24093780947535193,34270.07840730749,1174438274.043003,27161.24326315574,0.5132680864384749,21609.03367579911
C4,28,0.15600165852640013,41606.41763142005,1731093988.1201415,31196.510666759255,2.3331621633623594,23900.4824616425
D1,15,0.020347309013447945,30340.8509093164,920567233.9013659,22198.45221464338,0.4682935238665388,11295.82529598591
C2,15,-0.019674534966517276,25353.322219536516,642790947.567644,20559.714599060677,0.276831039866511,16908.86021414418
C5,10,-0.2037710561753321,29598.940102585966,876097255.1964718,24436.895746128062,0.3040673574826115,20181.244870941344
