group,count,r2,rmse,mse,mae,mape,medae
00020,90,0.6106480695864978,55923.13831443329,3127397398.9352365,35911.9500427259,0.332731703999276,24690.219992902268
00210,40,0.5965376052084341,13029.958069517781,169779807.29339153,4858.560062296529,0.3812964347333059,898.6590389327941
00275,89,0.49921881679729974,9578.605944564537,91749691.84124708,6837.311780024691,0.6319533025290679,5082.543830798364
00200,13,0.14638226463494874,37658.1869545015,1418139044.7001872,25605.36527844872,0.46759184187064007,13394.154242448356
00030,59,0.05648068974142906,28743.277658232084,826176010.5382237,19671.139436621415,0.3040138254910538,14647.961676427105
