group,count,r2,rmse,mse,mae,mape,medae
C2,27,0.8571377184123401,16504.663394320898,272403913.7598362,11130.526794188561,0.3183041685794756,6911.261029930596
D2,28,0.7767891922492903,34597.77890655844,1197006305.2670999,23659.545732717877,0.44761312276832266,8874.610689676385
C5,22,0.7096163936091602,20845.176141190335,434521368.35725075,12854.372392593663,0.3180572737211953,7270.547447182831
D3,25,0.7091264709233014,20687.14063659967,427957787.71845335,12475.396038673734,0.5866017493560267,5761.833341052621
C4,55,0.7018664781665855,30200.93294138931,912096350.530294,18744.07398336551,1.0632443197796315,10242.770300359494
D1,19,0.6908356813519811,19077.10413355891,363935902.12265044,13010.37312312674,0.31149688368539896,8828.648060587788
C3,19,0.6027138345657825,20322.585673233887,413007488.4459313,16334.011999513452,1.1035184277110048,18667.515485629403
C6,11,0.6004381092179594,70098.24929678085,4913764554.473638,29065.3992332282,0.3692644594865241,10224.176044583422
B1,97,0.5181596567141007,78025.3206103992,6087950656.355586,36659.89381489042,0.418903342430738,17556.659489141777
