group,count,r2,rmse,mse,mae,mape,medae
8,68,0.6477231455280645,9959.753622047727,99196692.21189283,3888.0937332732324,0.34015283321027123,758.6214490878244
18,181,0.6394628437777574,9435.610273020162,89030741.22432363,6134.869869807421,0.38609140574873013,3706.3225684184217
2,164,0.5193262530830727,65510.51349564424,4291627378.462986,38997.8774296827,0.30742763316531097,23987.86578963833
3,114,0.44934144155245104,28302.24999935259,801017355.0258536,21048.362789638606,0.40902789289581154,17204.134815874793
5,18,0.34475476630825874,96140.0751119178,9242914042.525196,60814.871598215206,3.054233423075885,20437.42183425571
7,23,-0.4747410468702731,64463.19306546204,4155503260.195033,35879.68021097144,0.5715590593576461,17635.499882312288
