group,count,r2,rmse,mse,mae,mape,medae
00210,42,0.629170424724689,12253.355526814348,150144721.6665117,4450.292853317349,0.4500389681799505,992.2604518824566
00200,13,0.5936375598618677,23755.941306455068,564344747.3557382,18935.50391866637,0.4242033801784664,13205.857167896007
00275,88,0.5132583187806736,9810.068225247685,96237438.58401428,7445.84155280547,0.642815556665104,5744.115518770689
00020,95,0.374192352101978,84288.53295677408,7104556788.005191,45807.5276100966,0.32119746655986753,24365.74804717653
00030,54,0.13074923093433988,25425.72313984343,646467397.1839696,19544.55658997818,0.32408120863912165,15508.42683983919
