group,count,r2,rmse,mse,mae,mape,medae
00210,40,0.6899271391106867,11422.820842694437,130480836.00429443,4547.736411358197,0.3843249934953542,898.2155379696903
00020,92,0.6049830805381352,56372.91363786038,3177905392.0216646,36086.24584962494,0.34437163646717683,24198.10233643774
00275,87,0.5133479066178805,9473.311275994674,89743626.53188783,6856.189746200601,0.635697690957147,4960.037438872353
00200,13,0.32957637029071574,33373.54562548323,1113793547.616211,26195.342237302975,0.5290538661273545,25366.227413127468
00030,59,0.03663048786497003,29044.061166211704,843557489.0266469,20727.734924225508,0.30809439461701665,15692.899162179601
