group,count,r2,rmse,mse,mae,mape,medae
C2,26,0.8570553652763727,16389.66666525426,268621173.3981467,11081.586258147396,0.2860370407487177,7436.889354675717
D2,29,0.8465169618318887,27181.613278114248,738840100.4009569,18204.57294182218,0.37343355413916846,9321.170792865603
C5,24,0.7285227307058695,19594.6843928477,383951656.4553092,11874.908416752389,0.30974987468206666,6083.583211137791
B1,97,0.7169964705482663,49368.51736983127,2437250507.295332,28319.986401760183,0.41103614982202635,14961.97706204624
D3,26,0.7119301008011834,20572.431847981905,423224952.1398602,11315.906263010871,0.4269996380158278,4996.70903649446
C4,54,0.7060318502714771,28579.49421243138,816787489.4383986,18893.770375322783,1.2218470648149808,7580.774427823984
D1,22,0.47210695580658635,23976.297082533463,574862821.7899027,13861.476971389695,0.4309658387216944,8185.790086831519
C3,18,0.3428808217704521,25942.908191778548,673034485.4470506,19783.76187070539,1.2117242780519808,17395.327517472317
