group,count,r2,rmse,mse,mae,mape,medae
00020,93,0.48448983594842576,75832.59458833623,5750582401.9989605,44149.25916636062,0.36261929550389144,28522.89220841881
00200,11,0.30720244495119486,36278.791619159696,1316150721.3464117,25739.29509501922,0.4970294500750791,15889.743567382906
00030,57,0.0069808275682008425,29622.037664944153,877465115.42337,21601.501419037493,0.34386664823871227,17442.77396529483
