group,count,r2,rmse,mse,mae,mape,medae
8,40,0.6276622373162843,12517.281800161227,156682343.66464746,4543.4675710480715,0.3999775456823136,790.8596146918317
2,90,0.5127968056649232,62556.93075881927,3913369585.963708,38322.32141325669,0.3284485305984635,24497.43213042419
18,89,0.4790838964566191,9769.271916208398,95438673.77281809,7369.012910172338,0.6774756614924164,5614.961769425805
7,13,0.3093472841727556,33873.30357065719,1147400694.789897,26410.807509190963,0.4965065151540526,18296.854049483136
3,62,0.0429784846823833,28423.221265137923,807879507.0869887,21419.146264715477,0.3351069742555529,17936.65650454344
