group,count,r2,rmse,mse,mae,mape,medae
2,93,0.48448983594842576,75832.59458833623,5750582401.9989605,44149.25916636062,0.36261929550389144,28522.89220841881
7,11,0.30720244495119486,36278.791619159696,1316150721.3464117,25739.29509501922,0.4970294500750791,15889.743567382906
3,59,0.005072825692134297,29316.934109176495,859482625.5617962,21471.35271100355,0.34258849198442887,17442.77396529483
