group,count,r2,rmse,mse,mae,mape,medae
C2,26,0.8232739862971558,18223.69474025193,332103049.98588586,12921.424556607799,0.2991330232680206,7757.8028391053085
D2,29,0.8201022628320841,28986.72246656726,840230079.353795,18999.03604789009,0.39784189921291613,8514.863101596333
B1,97,0.7225948631351897,48877.77279457934,2389036673.35852,26944.158735289406,0.4103435454355859,14624.574813312589
C5,24,0.7054784431596641,20409.392624664553,416543307.3077119,12891.833004441743,0.3048909164630322,7748.193928225912
C4,54,0.6957136541022073,32176.36893467777,1035318717.8204966,21256.21455600025,1.2624436166114295,12873.139405645044
D3,26,0.6604172640851862,22336.210480445763,498906298.6267752,13386.787647902856,0.5576673075406121,5378.39832227185
C3,18,0.4224284227284384,24322.01175958137,591560256.0332146,18813.441061483354,1.1769730273440213,16692.07467929917
D1,22,0.4062890163504649,25427.091339749186,646536973.999948,14689.041583801918,0.39237516643837084,5035.029580381297
