group,count,r2,rmse,mse,mae,mape,medae
00210,68,0.6477231455280645,9959.753622047727,99196692.21189283,3888.0937332732324,0.34015283321027123,758.6214490878244
00275,181,0.6394628437777574,9435.610273020162,89030741.22432363,6134.869869807421,0.38609140574873013,3706.3225684184217
00020,164,0.5193262530830727,65510.51349564424,4291627378.462986,38997.8774296827,0.30742763316531097,23987.86578963833
00030,111,0.46469007724594846,28229.185104226402,796886891.6486777,20861.623594587003,0.4088717183022103,16958.3325453753
00100,18,0.34475476630825874,96140.0751119178,9242914042.525196,60814.871598215206,3.054233423075885,20437.42183425571
00200,23,-0.4747410468702731,64463.19306546204,4155503260.195033,35879.68021097144,0.5715590593576461,17635.499882312288
