{
  "model_key": "catboost",
  "prefix": "catboost",
  "primary_metric": "neg_root_mean_squared_error",
  "best_primary_value": -7.788264088184183,
  "best_params": {
    "depth": 8,
    "learning_rate": 0.11777517005248574,
    "l2_leaf_reg": 12.105092687525701,
    "bagging_temperature": 2.224772940612721,
    "border_count": 141,
    "random_strength": 0.9399876754097464,
    "rsm": 0.679195142395271
  },
  "metrics_train": {
    "r2": 0.9659985815718435,
    "mse": 11.257611530657478,
    "rmse": 3.355236434389904,
    "mae": 2.462658533236031,
    "mape": 0.048476247753451135,
    "explained_variance": 0.9660038754278185,
    "medae": 1.8432176536946798
  },
  "metrics_test": {
    "r2": 0.9622327819579439,
    "mse": 14.560202434645285,
    "rmse": 3.815783331721717,
    "mae": 2.758824177897406,
    "mape": 0.05227039076605204,
    "explained_variance": 0.9622348445652092,
    "medae": 1.9580154036299326
  },
  "metrics_train_original": {
    "r2": 0.9340187766787672,
    "mse": 275404763.48920757,
    "rmse": 16595.32354276974,
    "mae": 8759.362821620827,
    "mape": 0.18830740928155007,
    "explained_variance": 0.9346737227918283,
    "medae": 4271.801435253481,
    "mape_floor": 0.18485025017032472
  },
  "metrics_test_original": {
    "r2": 0.9171174390676048,
    "mse": 634806213.9817475,
    "rmse": 25195.360961529157,
    "mae": 11703.862408115185,
    "mape": 0.2093738824383985,
    "explained_variance": 0.9183093782291012,
    "medae": 5127.541585617444,
    "mape_floor": 0.20470175157843495
  },
  "smearing_factor": null,
  "overfit": {
    "gap_r2": 0.0037657996138995564,
    "gap_explained_variance": 0.0037690308626092683,
    "ratio_rmse": 1.1372621293126712,
    "delta_rmse": 0.46054689733181275,
    "ratio_mse": 1.2933651507687907,
    "delta_mse": 3.3025909039878076,
    "ratio_mae": 1.1202625701713511,
    "delta_mae": 0.29616564466137474,
    "ratio_mape": 1.0782680836169047,
    "delta_mape": 0.0037941430126009063,
    "ratio_medae": 1.0622811688598706,
    "delta_medae": 0.11479774993525282
  }
}