{
  "model_key": "catboost",
  "prefix": "catboost",
  "primary_metric": "neg_mean_absolute_percentage_error",
  "best_primary_value": -0.03610181411002422,
  "best_params": {
    "depth": 6,
    "learning_rate": 0.10101473226385088,
    "l2_leaf_reg": 9.900716774514109,
    "bagging_temperature": 4.594789021042061,
    "border_count": 133,
    "random_strength": 0.7674346694993652,
    "rsm": 0.618729904537811
  },
  "metrics_train": {
    "r2": 0.8798754902951327,
    "mse": 0.06412110352636988,
    "rmse": 0.2532214515525292,
    "mae": 0.18108052308128705,
    "mape": 0.01663504097620956,
    "explained_variance": 0.8798756041201714,
    "medae": 0.13897690774245852
  },
  "metrics_test": {
    "r2": 0.39995811582514196,
    "mse": 0.3046533642261989,
    "rmse": 0.5519541323572086,
    "mae": 0.37578977504541516,
    "mape": 0.03458328597029195,
    "explained_variance": 0.4025828423839237,
    "medae": 0.2863741077031081
  },
  "metrics_train_original": {
    "r2": 0.883580982043992,
    "mse": 500313558.1462603,
    "rmse": 22367.6900494052,
    "mae": 15072.455725543754,
    "mape": 0.20286017209338766,
    "explained_variance": 0.884413619760896,
    "medae": 10381.623968033207,
    "mape_floor": 0.20101358648820689
  },
  "metrics_test_original": {
    "r2": 0.5397143705831651,
    "mse": 3552848945.625066,
    "rmse": 59605.7794649568,
    "mae": 35381.473045894054,
    "mape": 0.7347105560816987,
    "explained_variance": 0.5417051641530051,
    "medae": 21853.382537149326,
    "mape_floor": 0.7347105560816987
  },
  "smearing_factor": 1.030135541312467,
  "overfit": {
    "gap_r2": 0.4799173744699907,
    "gap_explained_variance": 0.4772927617362477,
    "ratio_rmse": 2.1797289644029596,
    "delta_rmse": 0.2987326808046794,
    "ratio_mse": 4.751218358257197,
    "delta_mse": 0.240532260699829,
    "ratio_mae": 2.075263361574912,
    "delta_mae": 0.1947092519641281,
    "ratio_mape": 2.0789420368576725,
    "delta_mape": 0.017948244994082388,
    "ratio_medae": 2.060587707375062,
    "delta_medae": 0.1473971999606496
  }
}