{
  "model_key": "catboost",
  "prefix": "catboost",
  "primary_metric": "neg_mean_absolute_percentage_error",
  "best_primary_value": -0.03956150704040223,
  "best_params": {
    "depth": 7,
    "learning_rate": 0.06655385172273678,
    "l2_leaf_reg": 1.2665701804665634,
    "bagging_temperature": 4.0409677240824315,
    "border_count": 139,
    "random_strength": 0.23061581799837497,
    "rsm": 0.5491300475698698
  },
  "metrics_train": {
    "r2": 0.9789805291024134,
    "mse": 0.0403283139729614,
    "rmse": 0.20081910758929641,
    "mae": 0.14913495913194985,
    "mape": 0.014919424890567176,
    "explained_variance": 0.979029986881765,
    "medae": 0.11452836796999755
  },
  "metrics_test": {
    "r2": 0.8624241220807282,
    "mse": 0.25837230794527694,
    "rmse": 0.5083033621227356,
    "mae": 0.3606748493991441,
    "mape": 0.03644039444511528,
    "explained_variance": 0.8625853435862757,
    "medae": 0.28860780802443387
  },
  "metrics_train_original": {
    "r2": 0.9502139790369072,
    "mse": 189886897.10586947,
    "rmse": 13779.945468174737,
    "mae": 7847.037533216652,
    "mape": 0.15669248220407686,
    "explained_variance": 0.9504619364814322,
    "medae": 3760.209312178222,
    "mape_floor": 0.15457872808613238
  },
  "metrics_test_original": {
    "r2": 0.7364487424711963,
    "mse": 1351862807.129128,
    "rmse": 36767.686997268785,
    "mae": 19811.947914337026,
    "mape": 0.5809794500097866,
    "explained_variance": 0.7385320327397398,
    "medae": 9872.188609845252,
    "mape_floor": 0.5751597578771963
  },
  "smearing_factor": 1.0299425249280387,
  "overfit": {
    "gap_r2": 0.11655640702168524,
    "gap_explained_variance": 0.11644464329548931,
    "ratio_rmse": 2.531150388150754,
    "delta_rmse": 0.3074842545334392,
    "ratio_mse": 6.406722287435714,
    "delta_mse": 0.21804399397231553,
    "ratio_mae": 2.4184460269978048,
    "delta_mae": 0.21153989026719427,
    "ratio_mape": 2.44247983500723,
    "delta_mape": 0.021520969554548103,
    "ratio_medae": 2.5199678746844545,
    "delta_medae": 0.17407944005443632
  }
}