{
  "model_key": "catboost",
  "prefix": "catboost",
  "primary_metric": "neg_mean_absolute_percentage_error",
  "best_primary_value": -0.13004068884850392,
  "best_params": {
    "depth": 6,
    "learning_rate": 0.043583559109257056,
    "l2_leaf_reg": 4.254161143439939,
    "bagging_temperature": 0.9113172778521575,
    "border_count": 48,
    "random_strength": 0.06505159298527952,
    "rsm": 0.8321099380386666,
    "min_data_in_leaf": 78,
    "max_ctr_complexity": 3
  },
  "metrics_train": {
    "r2": 0.9185263815762257,
    "mse": 48.55714836857917,
    "rmse": 6.968295944388353,
    "mae": 5.208572576588152,
    "mape": 0.08635055264077958,
    "explained_variance": 0.9185334952082268,
    "medae": 4.001076478184121
  },
  "metrics_test": {
    "r2": 0.8311802168109177,
    "mse": 106.18302862565926,
    "rmse": 10.304514963144033,
    "mae": 7.7339997565754945,
    "mape": 0.12651719330571937,
    "explained_variance": 0.8313632193149737,
    "medae": 5.938077924406969
  },
  "metrics_train_original": {
    "r2": 0.8379904238131783,
    "mse": 580597775.2597221,
    "rmse": 24095.596594807983,
    "mae": 13300.479992240938,
    "mape": 0.34100329109270866,
    "explained_variance": 0.8410199602608833,
    "medae": 6830.958767051032,
    "mape_floor": 0.3217763760875549
  },
  "metrics_test_original": {
    "r2": 0.695100962050474,
    "mse": 1533476723.5966141,
    "rmse": 39159.631300570414,
    "mae": 21172.61711370619,
    "mape": 0.6005636895752351,
    "explained_variance": 0.6992219159121021,
    "medae": 12200.542997191515,
    "mape_floor": 0.5938729189039132
  },
  "smearing_factor": null,
  "overfit": {
    "gap_r2": 0.08734616476530799,
    "gap_explained_variance": 0.0871702758932531,
    "ratio_rmse": 1.4787711436742832,
    "delta_rmse": 3.3362190187556804,
    "ratio_mse": 2.186764095363747,
    "delta_mse": 57.62588025708009,
    "ratio_mae": 1.4848597466681765,
    "delta_mae": 2.525427179987343,
    "ratio_mape": 1.4651578876632556,
    "delta_mape": 0.04016664066493979,
    "ratio_medae": 1.4841200753808013,
    "delta_medae": 1.9370014462228475
  }
}