{
  "model_key": "catboost",
  "prefix": "catboost",
  "primary_metric": "neg_root_mean_squared_error",
  "best_primary_value": -6.925546108163664,
  "best_params": {
    "depth": 7,
    "learning_rate": 0.08580848224740945,
    "l2_leaf_reg": 9.108523000826807,
    "bagging_temperature": 2.1875985685932404,
    "border_count": 239,
    "random_strength": 1.3981484940958357,
    "rsm": 0.6926676867018804
  },
  "metrics_train": {
    "r2": 0.9589440848481836,
    "mse": 12.195089738290465,
    "rmse": 3.492146866655305,
    "mae": 2.5761863874865645,
    "mape": 0.0526348512397145,
    "explained_variance": 0.9589453489903264,
    "medae": 1.9108972748618243
  },
  "metrics_test": {
    "r2": 0.8631360921489858,
    "mse": 45.8352359375853,
    "rmse": 6.770172519041543,
    "mae": 4.917282922736684,
    "mape": 0.09616410245197617,
    "explained_variance": 0.8631689477232661,
    "medae": 3.7992388938088766
  },
  "metrics_train_original": {
    "r2": 0.9258038638902133,
    "mse": 309408327.52869016,
    "rmse": 17590.006467556803,
    "mae": 9572.83335556014,
    "mape": 0.2069401903828697,
    "explained_variance": 0.9269097554803369,
    "medae": 4609.492531254829,
    "mape_floor": 0.2022348887355387
  },
  "metrics_test_original": {
    "r2": 0.6731170507481923,
    "mse": 1929742031.1216102,
    "rmse": 43928.829157190274,
    "mae": 21483.82643953014,
    "mape": 0.45588464363007086,
    "explained_variance": 0.6758504884488699,
    "medae": 9538.353490228052,
    "mape_floor": 0.45489993672219076
  },
  "smearing_factor": null,
  "overfit": {
    "gap_r2": 0.09580799269919782,
    "gap_explained_variance": 0.09577640126706022,
    "ratio_rmse": 1.9386849343841752,
    "delta_rmse": 3.278025652386238,
    "ratio_mse": 3.758499274808173,
    "delta_mse": 33.64014619929484,
    "ratio_mae": 1.9087450141890514,
    "delta_mae": 2.341096535250119,
    "ratio_mape": 1.8270043552325574,
    "delta_mape": 0.043529251212261665,
    "ratio_medae": 1.98819630117668,
    "delta_medae": 1.8883416189470523
  }
}