{
  "model_key": "catboost",
  "prefix": "catboost",
  "primary_metric": "neg_mean_absolute_percentage_error",
  "best_primary_value": -0.12430262593637167,
  "best_params": {
    "depth": 7,
    "learning_rate": 0.0913610690702753,
    "l2_leaf_reg": 5.904915397696943,
    "bagging_temperature": 0.2555685656859197,
    "border_count": 69,
    "random_strength": 0.029102157326546238,
    "rsm": 0.8048624077549629,
    "min_data_in_leaf": 57,
    "max_ctr_complexity": 3
  },
  "metrics_train": {
    "r2": 0.9704140052871759,
    "mse": 17.550139812204016,
    "rmse": 4.189288700030593,
    "mae": 3.1143594995693964,
    "mape": 0.04993987393258523,
    "explained_variance": 0.970418639300773,
    "medae": 2.357567318887135
  },
  "metrics_test": {
    "r2": 0.8288950527345937,
    "mse": 108.52655637621814,
    "rmse": 10.417607996858882,
    "mae": 7.682958695958379,
    "mape": 0.12600995614827146,
    "explained_variance": 0.8289293836169888,
    "medae": 5.791293182965504
  },
  "metrics_train_original": {
    "r2": 0.9495664258610585,
    "mse": 179706057.31425217,
    "rmse": 13405.448791974559,
    "mae": 7902.63719203305,
    "mape": 0.1745206719849959,
    "explained_variance": 0.9504290771298227,
    "medae": 3957.8147892267043,
    "mape_floor": 0.1702072383063914
  },
  "metrics_test_original": {
    "r2": 0.745453642421286,
    "mse": 1305672971.2748458,
    "rmse": 36134.09707291502,
    "mae": 20404.48044323326,
    "mape": 0.6053325509364523,
    "explained_variance": 0.7476000149248722,
    "medae": 10354.884511974495,
    "mape_floor": 0.5980014950420294
  },
  "smearing_factor": null,
  "overfit": {
    "gap_r2": 0.14151895255258218,
    "gap_explained_variance": 0.14148925568378423,
    "ratio_rmse": 2.4867247742517256,
    "delta_rmse": 6.228319296828289,
    "ratio_mse": 6.183800102877297,
    "delta_mse": 90.97641656401413,
    "ratio_mae": 2.4669466376700107,
    "delta_mae": 4.568599196388982,
    "ratio_mape": 2.523233364953517,
    "delta_mape": 0.07607008221568623,
    "ratio_medae": 2.456469911408181,
    "delta_medae": 3.4337258640783688
  }
}