{
  "model_key": "catboost",
  "prefix": "catboost",
  "primary_metric": "neg_mean_absolute_percentage_error",
  "best_primary_value": -0.13521397098471338,
  "best_params": {
    "iterations": 100,
    "depth": 6,
    "learning_rate": 0.10156256237781716,
    "l2_leaf_reg": 11.526589024150313,
    "bagging_temperature": 1.0052219224034018,
    "border_count": 72,
    "random_strength": 0.35093133489914397,
    "rsm": 0.7588264819666471,
    "min_data_in_leaf": 38,
    "max_ctr_complexity": 2
  },
  "metrics_train": {
    "r2": 0.9016047280477454,
    "mse": 56.50223332699711,
    "rmse": 7.516796746420453,
    "mae": 5.632623336534263,
    "mape": 0.09601553360242994,
    "explained_variance": 0.9016139482214006,
    "medae": 4.261263401568968
  },
  "metrics_test": {
    "r2": 0.8334709088195892,
    "mse": 108.84190946355932,
    "rmse": 10.432732598104838,
    "mae": 7.654868625569272,
    "mape": 0.12485440934913279,
    "explained_variance": 0.83350438761336,
    "medae": 5.802301525507886
  },
  "metrics_train_original": {
    "r2": 0.8097026808649079,
    "mse": 645915564.1053789,
    "rmse": 25414.86895707666,
    "mae": 14254.320406896848,
    "mape": 0.39948109308388513,
    "explained_variance": 0.813613843411794,
    "medae": 7537.209546363252,
    "mape_floor": 0.3699141342555773
  },
  "metrics_test_original": {
    "r2": 0.6113079905430563,
    "mse": 2543364173.2062254,
    "rmse": 50431.77741470377,
    "mae": 23174.485397981,
    "mape": 0.5799311063174731,
    "explained_variance": 0.6209201305673971,
    "medae": 10539.473899123639,
    "mape_floor": 0.57045856607086
  },
  "smearing_factor": null,
  "overfit": {
    "gap_r2": 0.0681338192281562,
    "gap_explained_variance": 0.06810956060804063,
    "ratio_rmse": 1.3879226683990056,
    "delta_rmse": 2.9159358516843854,
    "ratio_mse": 1.9263293334558158,
    "delta_mse": 52.33967613656221,
    "ratio_mae": 1.3590237032038592,
    "delta_mae": 2.022245289035009,
    "ratio_mape": 1.300356355525925,
    "delta_mape": 0.028838875746702852,
    "ratio_medae": 1.3616387861335957,
    "delta_medae": 1.5410381239389181
  }
}