group,count,r2,rmse,mse,mae,mape,medae
8,40,0.750991667827806,10236.427783132005,104784453.7592768,4182.059859124364,0.3376696949449719,974.4701266248691
2,92,0.6529123313890388,52842.36239583852,2792315263.573129,37020.87665259543,0.3359264874381828,26737.69773492712
18,87,0.5576225232294346,9032.105740737072,81578934.11185557,6462.424386465316,0.5849811561207757,4098.9944553848145
7,13,0.21882296304106919,36024.87035547742,1297791284.1289556,26584.21446990654,0.5377335663531898,19201.570854242702
3,62,-0.20744016582954306,31926.054781376937,1019272973.9034812,20729.12313911326,0.3014996592392995,14695.191702178032
