group,count,r2,rmse,mse,mae,mape,medae
00210,42,0.711570814815324,10806.559631220232,116781731.06311877,4352.32573395434,0.4083275590137491,834.8820023278902
00020,95,0.5375832735729076,72454.41083143647,5249641648.930578,41331.45084931495,0.30253812158305277,23712.4336431962
00200,13,0.5278490372139781,25606.835033901894,655710000.4534655,21030.797052786937,0.531785652129959,17035.375000000007
00275,88,0.5275974002250763,9664.489049633632,93402348.59048839,6799.055156303993,0.5707067991619748,4459.783133370536
00030,54,0.16068307202224497,24984.103080064888,624205406.7153078,18218.041988162367,0.29342639419241634,11889.241135583106
