group,count,r2,rmse,mse,mae,mape,medae
D2,29,0.8909021304397019,22916.75757383597,525177777.6979683,14442.073031206195,0.2500374559779867,5406.192405975038
C2,26,0.7980815936995291,19479.335883158063,379444526.4488893,13039.374882624697,0.28973464209231004,6461.665341537611
B1,97,0.7762281484254547,43899.2283637086,1927142250.9290376,28445.976131280975,0.3960324256305561,16109.72968102555
C5,24,0.7241198586245241,19752.940550899897,390178660.4073855,12520.921859247863,0.30051219961728187,6191.098423853709
C4,54,0.635923280196063,31805.39942280423,1011583432.4441156,21518.302076901386,1.2967133585376316,13820.986194182515
D3,26,0.576461557910128,24944.97708672426,622251881.8571982,14518.136536838147,0.5254073233445228,7374.772638494323
D1,22,0.5659419473199434,21741.1769253221,472678774.09815806,13920.362127150402,0.42525868950731804,7311.498490222388
C3,18,0.12872184512051954,29872.735958355926,892380353.6376511,20370.60578202629,0.8822794663828604,10794.61041795189
