group,count,r2,rmse,mse,mae,mape,medae
D2,29,0.8671598217571914,24908.695690129563,620443120.983479,17678.72102818172,0.37022202010779354,13947.760403067892
C2,26,0.8107756854919843,18857.089469715025,355589823.26883733,12953.900624334512,0.28038188037219386,9128.91357421875
C5,24,0.6901957119546935,20932.217997662276,438157750.30165654,13276.661101801574,0.3647192055165293,4448.748620459553
B1,97,0.6835261839988458,52206.31634868076,2725499466.698532,29208.94099964261,0.38729207832903206,13017.8617058011
C4,54,0.660311171308477,33996.67415414549,1155773853.543144,22357.470317724143,1.3225480294701757,11847.992053557515
D3,26,0.6255822932972135,23453.889862044314,550084949.6609051,13131.74722555434,0.41921553610491596,5776.692356009878
D1,22,0.47062724263123634,24009.87700571806,576474193.8297088,13551.585947740024,0.4406028744447397,7742.537325132527
C3,18,-1.4676784552371167,50273.70266345948,2527445179.4939327,28429.865113623517,1.2657039453276608,13662.89194002196
