group,count,r2,rmse,mse,mae,mape,medae
D2,17,0.6639329367381012,35695.63370012015,1274178265.2531533,27009.329810816533,0.3147560998899425,19365.529255319154
B1,63,0.6514662094431487,71996.38784856298,5183479863.240708,45477.42450676103,0.3970477943343723,29595.808304108214
C4,28,0.24634216580650747,39316.661772294225,1545799892.9169822,29581.455184383412,2.136209837467298,24617.52734375
D1,15,0.2341265401254241,26826.881971383627,719681596.3065479,19127.878112989543,0.4675255281736668,12063.1640625
D3,10,0.05107206967827138,38317.13535939435,1468202862.1501489,28223.968774412602,0.4376350269493213,23414.909904476455
C2,15,-0.10278065870625985,26366.26783944558,695180079.7813822,20786.42304207196,0.2654288750269925,17598.3359375
C5,10,-0.23920798505933583,30031.45079021723,901888036.5652392,24274.215517561825,0.316496102556367,20617.79366953903
