group,count,r2,rmse,mse,mae,mape,medae
00100,28,0.9686035273144333,29382.483160508364,863330316.6775576,18647.285855859627,0.2242428781923552,8652.428586058726
00210,140,0.9494620101569442,2887.1690210088614,8335744.955873266,1116.1393323682198,0.16388077549214275,371.0642237475014
00020,349,0.9329374903031528,21802.7808796188,475361254.0846711,16061.31643672404,0.16381194418491898,11863.8515625
00200,47,0.922677121297571,58390.97028882094,3409505411.2699704,25143.329564762695,0.1998403331358798,5139.977519132652
00275,336,0.8809327502388977,5440.624780062776,29600397.997433133,3489.3230744540947,0.2003803518648588,2238.19509355801
00030,221,0.8281210110202284,17988.885116846883,323599987.7471153,12661.91615359747,0.1870006195242587,9003.26171875
00040,10,0.7139038571507522,11856.433785824229,140575022.11763424,6724.597347525038,0.1323282433233497,1785.7613166360243
