group,count,r2,rmse,mse,mae,mape,medae
2,90,0.6824739419701212,50502.17181415177,2550469357.9461055,38120.13870616183,0.3612325886233085,30063.04174930318
8,40,0.6710932966464678,11764.618527271752,138406249.09222576,4581.031433274436,0.36977179897349205,912.2858568119389
18,89,0.47729746278978946,9786.008986818273,95765971.890088,6889.611187792887,0.5959738810642928,5293.956077850038
7,13,0.18571426638028976,36780.3709731307,1352795688.9211154,25080.587742142114,0.48335336260259065,14961.414604242702
3,62,-0.24044829149509095,32359.49815766443,1047137121.0158876,21065.930458531224,0.29751001549692996,16087.068214554107
