group,count,r2,rmse,mse,mae,mape,medae
D2,29,0.901343147202069,21792.58076564906,474916576.42733747,14061.735261765134,0.23304984212844929,5958.890625
C2,26,0.7998129893782733,19395.64106552423,376190892.3426498,13079.066967303934,0.3299769823830818,7722.106747787611
B1,97,0.7506269478621699,46342.442440815394,2147621971.380288,30583.054124264843,0.42449366532146066,17170.654296875
C5,24,0.7078004657434127,20328.779087346942,413259259.18215436,12643.593088478336,0.33836537399787514,4864.366673406741
D3,26,0.6858922700032667,21482.06389912294,461479069.366001,12634.05863248385,0.5200725064830108,5509.151590033912
C4,54,0.6827808380679359,29688.216322501397,881390188.4116384,20085.633030355693,1.2411600347285887,11213.228147026319
D1,22,0.4918971401451344,23522.580370373114,553311787.2806625,14740.159645774145,0.42385374533855996,8728.59765625
C3,18,0.15832116523175632,29360.928857346138,862064143.3661412,20161.238757286712,1.138829847607759,15111.082628120743
