group,count,r2,rmse,mse,mae,mape,medae
8,40,0.723820656285561,10780.454819109358,116218206.10685818,4449.666437640786,0.31153841280027994,782.7089772284054
2,92,0.5846933093188706,57802.56315612188,3341136307.417459,37477.901054679285,0.3331921900954642,24491.29929742712
18,87,0.40310618325555925,10491.58370121881,110073328.55968018,7255.104874611289,0.6267762661574148,5091.972003116722
7,13,-0.43404425414956305,48810.01815258575,2382417872.05575,32886.427811252695,0.5296720839310264,16656.32262373018
3,62,-0.4918066142035502,35486.952838112884,1259323821.7344482,23959.11232607709,0.3446925075907082,16331.653651213841
