group,count,r2,rmse,mse,mae,mape,medae
00210,40,0.697789130752378,11277.076515867357,127172454.74472705,4715.562152642486,0.365567508859643,963.961449425631
00020,90,0.6972676741267028,49311.67650176955,2431641439.4151716,37305.37197001479,0.35440130148993043,31729.11980621511
00275,89,0.5592866467903154,8985.793022183814,80744476.23752733,6407.6919981182145,0.51305115733551,4538.523164970931
00200,13,0.36862156677902114,32387.13740732699,1048926669.4410793,24382.591272791153,0.49628284928360367,19225.9921875
00030,59,-0.1423872520809426,31627.69687286064,1000311209.4815588,20924.004583784583,0.30611637451926704,12890.149762355904
