group,count,r2,rmse,mse,mae,mape,medae
00020,90,0.6824739419701212,50502.17181415177,2550469357.9461055,38120.13870616183,0.3612325886233085,30063.04174930318
00210,40,0.6710932966464678,11764.618527271752,138406249.09222576,4581.031433274436,0.36977179897349205,912.2858568119389
00275,89,0.47729746278978946,9786.008986818273,95765971.890088,6889.611187792887,0.5959738810642928,5293.956077850038
00200,13,0.18571426638028976,36780.3709731307,1352795688.9211154,25080.587742142114,0.48335336260259065,14961.414604242702
00030,59,-0.1732469145743325,32052.0346874342,1027332927.6044852,20560.291977115347,0.29100035201657165,15794.058304108214
