group,count,r2,rmse,mse,mae,mape,medae
00210,40,0.750991667827806,10236.427783132005,104784453.7592768,4182.059859124364,0.3376696949449719,974.4701266248691
00020,92,0.6529123313890388,52842.36239583852,2792315263.573129,37020.87665259543,0.3359264874381828,26737.69773492712
00275,87,0.5576225232294346,9032.105740737072,81578934.11185557,6462.424386465316,0.5849811561207757,4098.9944553848145
00200,13,0.21882296304106919,36024.87035547742,1297791284.1289556,26584.21446990654,0.5377335663531898,19201.570854242702
00030,59,-0.15188907817911845,31758.95646257947,1008631315.5920182,20351.086496657706,0.2972937533414705,14512.798177083336
