group,count,r2,rmse,mse,mae,mape,medae
00020,93,0.6327139240375028,64008.77730721381,4097123572.3644896,40510.08190301251,0.34602455554100103,29356.563438604237
00200,11,0.04978522170891664,42487.43666136706,1805182274.0536776,28313.59040216588,0.5410615571713251,13174.2631301323
00030,57,-0.13208944697099612,31628.346211246204,1000352284.0584521,21265.364914837166,0.30790040572150984,14423.505708666213
