group,count,r2,rmse,mse,mae,mape,medae
D2,29,0.8584375536034745,25713.446530393136,661181332.4713868,17170.26152283195,0.3064037730050194,8856.857779980179
C2,26,0.8354701717937871,17583.629061680782,309184010.978785,11727.485164805354,0.2949262188588862,7281.704232343518
B1,97,0.7365858424541452,47629.24697540667,2268545167.4442854,28917.875508099252,0.3977394404690306,15030.813456632652
C4,54,0.7030135125104305,31788.06888143067,1010481323.210581,20351.638788445896,1.1473486241950892,14105.566609172078
C5,24,0.68201597217285,21206.75357254446,449726397.0866273,13151.617202265441,0.29442579757396076,6106.049595728713
D3,26,0.6723508546901871,21940.231802166843,481373771.5328133,12407.14345813331,0.5118789585658842,4296.127986824236
D1,22,0.5464990787809947,22222.77188065251,493851590.05951995,13895.31005861347,0.42198061293093614,9082.321940104164
C3,18,0.0835518132193539,30637.303985701346,938644395.5122716,21690.246895307544,1.1855599568028847,15936.09897127196
