group,count,r2,rmse,mse,mae,mape,medae
8,68,0.7413633810280924,8533.97856143905,72828790.0871013,3780.0477212906753,0.41170536195290913,991.8274846173005
18,181,0.590798896313887,10052.252253117125,101047775.3602983,6827.466987294185,0.4583975308198637,4732.92578125
2,164,0.5905913420066476,60459.46691032632,3655347139.080844,39894.8292921241,0.3347358654798734,26724.572265625
5,18,0.36977328936802367,94286.80613026497,8890001810.246174,65996.65846805352,3.1372341121106584,44290.81467357061
3,114,0.11047165330923636,35971.59228142462,1293955451.2610474,22519.7493180649,0.4177373229139191,15325.615909083328
7,23,-1.3995586607296033,82227.97880003236,6761440497.538571,41530.54588494387,0.5621140832192365,15045.977519132652
