group,count,r2,rmse,mse,mae,mape,medae
8,42,0.711570814815324,10806.559631220232,116781731.06311877,4352.32573395434,0.4083275590137491,834.8820023278902
2,95,0.5375832735729076,72454.41083143647,5249641648.930578,41331.45084931495,0.30253812158305277,23712.4336431962
7,13,0.5278490372139781,25606.835033901894,655710000.4534655,21030.797052786937,0.531785652129959,17035.375000000007
18,88,0.5275974002250763,9664.489049633632,93402348.59048839,6799.055156303993,0.5707067991619748,4459.783133370536
3,56,0.1555634286245864,24760.907172229836,613102523.9917829,18149.26441544461,0.2927611092400985,11889.241135583106
