{
  "model_key": "xgboost",
  "prefix": "tree",
  "primary_metric": "neg_root_mean_squared_error",
  "best_primary_value": -6.88203019845355,
  "best_params": {
    "n_estimators": 1363,
    "max_depth": 3,
    "learning_rate": 0.035842768900688285,
    "subsample": 0.8781518129786987,
    "colsample_bytree": 0.7015547358525362,
    "min_child_weight": 6.222573355729687,
    "reg_alpha": 0.5943430959349257,
    "reg_lambda": 0.0001942745270091887,
    "gamma": 2.879629429921253
  },
  "metrics_train": {
    "r2": 0.951862888809835,
    "mse": 14.298460734230071,
    "rmse": 3.7813305507757544,
    "mae": 2.785988569495065,
    "mape": 0.05752353403751985,
    "explained_variance": 0.951862908206882,
    "medae": 2.108777346157126
  },
  "metrics_test": {
    "r2": 0.8488741481481197,
    "mse": 50.61151025615823,
    "rmse": 7.11417670965223,
    "mae": 5.309611818054569,
    "mape": 0.10639589009340124,
    "explained_variance": 0.8489848054775975,
    "medae": 4.217829754212346
  },
  "metrics_train_original": {
    "r2": 0.9133753321889664,
    "mse": 361237053.51018876,
    "rmse": 19006.237226505113,
    "mae": 10210.953972232377,
    "mape": 0.2287798920270638,
    "explained_variance": 0.9145441309266992,
    "medae": 4983.723274367863,
    "mape_floor": 0.2231700310416709
  },
  "metrics_test_original": {
    "r2": 0.6709916404673428,
    "mse": 1942289316.202465,
    "rmse": 44071.41155218954,
    "mae": 22645.418363808323,
    "mape": 0.49943941831456756,
    "explained_variance": 0.6716485124294551,
    "medae": 10513.959067821925,
    "mape_floor": 0.49835310885169315
  },
  "smearing_factor": null,
  "overfit": {
    "gap_r2": 0.10298874066171537,
    "gap_explained_variance": 0.10287810272928455,
    "ratio_rmse": 1.8813950841173432,
    "delta_rmse": 3.3328461588764755,
    "ratio_mse": 3.5396474625409047,
    "delta_mse": 36.313049521928164,
    "ratio_mae": 1.9058268494679746,
    "delta_mae": 2.5236232485595043,
    "ratio_mape": 1.8496062850381252,
    "delta_mape": 0.04887235605588139,
    "ratio_medae": 2.00013043667156,
    "delta_medae": 2.10905240805522
  }
}