{
  "model_key": "xgboost",
  "prefix": "tree",
  "primary_metric": "neg_mean_absolute_percentage_error",
  "best_primary_value": -0.12665801843904906,
  "best_params": {
    "n_estimators": 967,
    "max_depth": 3,
    "learning_rate": 0.04665303012212833,
    "subsample": 0.8081106602001054,
    "colsample_bytree": 0.653084777669569,
    "min_child_weight": 7.727374508106509,
    "reg_alpha": 0.31261029103110594,
    "reg_lambda": 4.059611610484305,
    "gamma": 2.6237821581611893
  },
  "metrics_train": {
    "r2": 0.965344517274103,
    "mse": 20.654187810260247,
    "rmse": 4.544687867198389,
    "mae": 3.3687998332547404,
    "mape": 0.0550322261443172,
    "explained_variance": 0.9653446188730428,
    "medae": 2.5250465431191067
  },
  "metrics_test": {
    "r2": 0.8224420689149918,
    "mse": 111.67908477880063,
    "rmse": 10.567832548768013,
    "mae": 7.796472247087877,
    "mape": 0.12630144358181405,
    "explained_variance": 0.8224669343554771,
    "medae": 5.700524950997902
  },
  "metrics_train_original": {
    "r2": 0.9448532101295274,
    "mse": 197630931.8567073,
    "rmse": 14058.126897161916,
    "mae": 8369.879942287784,
    "mape": 0.19363213578592328,
    "explained_variance": 0.9455615562561844,
    "medae": 4222.7350161987,
    "mape_floor": 0.18826216540111634
  },
  "metrics_test_original": {
    "r2": 0.7668865761289055,
    "mse": 1172434035.4376981,
    "rmse": 34240.8241057031,
    "mae": 20943.54917051138,
    "mape": 0.5894782843249898,
    "explained_variance": 0.7674548099241282,
    "medae": 11815.518487516536,
    "mape_floor": 0.586634086228682
  },
  "smearing_factor": null,
  "overfit": {
    "gap_r2": 0.14290244835911114,
    "gap_explained_variance": 0.14287768451756566,
    "ratio_rmse": 2.3253153698501725,
    "delta_rmse": 6.023144681569624,
    "ratio_mse": 5.407091569261442,
    "delta_mse": 91.02489696854039,
    "ratio_mae": 2.3143174522053376,
    "delta_mae": 4.427672413833136,
    "ratio_mape": 2.2950451477394274,
    "delta_mape": 0.07126921743749685,
    "ratio_medae": 2.2575920299497656,
    "delta_medae": 3.1754784078787957
  }
}