{
  "model_key": "xgboost",
  "prefix": "tree",
  "primary_metric": "neg_root_mean_squared_error",
  "best_primary_value": -7.624691978036051,
  "best_params": {
    "n_estimators": 780,
    "max_depth": 6,
    "learning_rate": 0.019754938777716783,
    "subsample": 0.6549342177518876,
    "colsample_bytree": 0.7025528674433197,
    "min_child_weight": 2.1843668146013107,
    "reg_alpha": 0.00867500737497376,
    "reg_lambda": 0.002125510769927783,
    "gamma": 0.16719062878003244
  },
  "metrics_train": {
    "r2": 0.9733237173388835,
    "mse": 8.83231468461846,
    "rmse": 2.971921042796807,
    "mae": 2.2223082275163004,
    "mape": 0.04394251971552128,
    "explained_variance": 0.9733237483946591,
    "medae": 1.7101269350828332
  },
  "metrics_test": {
    "r2": 0.9700780803496301,
    "mse": 11.535644665631253,
    "rmse": 3.3964164446709493,
    "mae": 2.5283977483986213,
    "mape": 0.04808938927899275,
    "explained_variance": 0.9700806923449563,
    "medae": 1.9432874141896015
  },
  "metrics_train_original": {
    "r2": 0.9553971369047551,
    "mse": 186171767.4115094,
    "rmse": 13644.477542636412,
    "mae": 7673.998745704799,
    "mape": 0.16520285028890327,
    "explained_variance": 0.9560761118890455,
    "medae": 3963.753906249978,
    "mape_floor": 0.16276632824845882
  },
  "metrics_test_original": {
    "r2": 0.9499776064230373,
    "mse": 383126750.95546067,
    "rmse": 19573.62385853628,
    "mae": 10173.420839026981,
    "mape": 0.18408919507990792,
    "explained_variance": 0.9508568333527228,
    "medae": 4538.483181086907,
    "mape_floor": 0.18141601188108017
  },
  "smearing_factor": null,
  "overfit": {
    "gap_r2": 0.0032456369892533976,
    "gap_explained_variance": 0.003243056049702764,
    "ratio_rmse": 1.1428353565795475,
    "delta_rmse": 0.42449540187414225,
    "ratio_mse": 1.3060726522483015,
    "delta_mse": 2.703329981012793,
    "ratio_mae": 1.1377349537262045,
    "delta_mae": 0.3060895208823209,
    "ratio_mape": 1.0943703180954987,
    "delta_mape": 0.004146869563471468,
    "ratio_medae": 1.1363410366350815,
    "delta_medae": 0.2331604791067683
  }
}