{
  "model_key": "xgboost",
  "prefix": "tree",
  "primary_metric": "neg_mean_absolute_percentage_error",
  "best_primary_value": -0.12293387595233961,
  "best_params": {
    "n_estimators": 422,
    "max_depth": 5,
    "learning_rate": 0.0357814207052221,
    "subsample": 0.8320800918734917,
    "colsample_bytree": 0.7253716176250458,
    "min_child_weight": 6.721435447931674,
    "reg_alpha": 0.7975201463474745,
    "reg_lambda": 2.827869827581577,
    "gamma": 1.4487965697181315
  },
  "metrics_train": {
    "r2": 0.971413050800273,
    "mse": 16.957515207089486,
    "rmse": 4.117950364816153,
    "mae": 3.065725634031267,
    "mape": 0.049507711785448195,
    "explained_variance": 0.971413081149791,
    "medae": 2.2913499193265636
  },
  "metrics_test": {
    "r2": 0.8314672463311108,
    "mse": 106.89509382750548,
    "rmse": 10.339008358034414,
    "mae": 7.503150329683481,
    "mape": 0.12006971028550575,
    "explained_variance": 0.8314893998891335,
    "medae": 5.349328052934823
  },
  "metrics_train_original": {
    "r2": 0.9538995052795829,
    "mse": 164266330.27473408,
    "rmse": 12816.642706837625,
    "mae": 7702.110999833724,
    "mape": 0.17263887066034939,
    "explained_variance": 0.9545480045481322,
    "medae": 4026.9254939837338,
    "mape_floor": 0.1685967461407603
  },
  "metrics_test_original": {
    "r2": 0.7565753010674598,
    "mse": 1248625409.3761687,
    "rmse": 35335.89406504622,
    "mae": 20639.882411300656,
    "mape": 0.5644550829873116,
    "explained_variance": 0.7578828853818917,
    "medae": 11128.2578125,
    "mape_floor": 0.5623199256715113
  },
  "smearing_factor": null,
  "overfit": {
    "gap_r2": 0.13994580446916216,
    "gap_explained_variance": 0.13992368126065746,
    "ratio_rmse": 2.510717090320248,
    "delta_rmse": 6.2210579932182615,
    "ratio_mse": 6.303700307626172,
    "delta_mse": 89.93757862041599,
    "ratio_mae": 2.4474304700963194,
    "delta_mae": 4.437424695652214,
    "ratio_mape": 2.4252728707368343,
    "delta_mape": 0.07056199850005757,
    "ratio_medae": 2.3345749192716103,
    "delta_medae": 3.057978133608259
  }
}