{
  "model_key": "xgboost",
  "prefix": "tree",
  "primary_metric": "neg_mean_absolute_percentage_error",
  "best_primary_value": -0.1322180720002251,
  "best_params": {
    "n_estimators": 764,
    "max_depth": 6,
    "learning_rate": 0.0058616697342129005,
    "subsample": 0.6798618127599418,
    "colsample_bytree": 0.7212967982439908,
    "min_child_weight": 9.47392447047696,
    "reg_alpha": 0.374396811643533,
    "reg_lambda": 2.1552302595488433,
    "gamma": 0.8811065330257056
  },
  "metrics_train": {
    "r2": 0.9455466870378739,
    "mse": 31.269122320298063,
    "rmse": 5.591880034505217,
    "mae": 4.125574749784182,
    "mape": 0.06895129757617482,
    "explained_variance": 0.9455467953725437,
    "medae": 3.1228384628467367
  },
  "metrics_test": {
    "r2": 0.8509481590359974,
    "mse": 97.41893662294345,
    "rmse": 9.870103171848987,
    "mae": 7.164457171281668,
    "mape": 0.11688336613734614,
    "explained_variance": 0.8509482233115903,
    "medae": 4.963992311484077
  },
  "metrics_train_original": {
    "r2": 0.8893734865463463,
    "mse": 375493397.21229535,
    "rmse": 19377.652004623662,
    "mae": 10678.534007437629,
    "mape": 0.2679309903137519,
    "explained_variance": 0.8920211214623802,
    "medae": 5428.857396481799,
    "mape_floor": 0.25254794594495816
  },
  "metrics_test_original": {
    "r2": 0.7049142869830727,
    "mse": 1930861484.8060126,
    "rmse": 43941.56898434571,
    "mae": 21379.06388723082,
    "mape": 0.5737659317031593,
    "explained_variance": 0.7112919912388704,
    "medae": 10801.337137172282,
    "mape_floor": 0.5688159077470172
  },
  "smearing_factor": null,
  "overfit": {
    "gap_r2": 0.09459852800187651,
    "gap_explained_variance": 0.09459857206095346,
    "ratio_rmse": 1.7650777754430702,
    "delta_rmse": 4.27822313734377,
    "ratio_mse": 3.1154995533630583,
    "delta_mse": 66.14981430264538,
    "ratio_mae": 1.736596136491396,
    "delta_mae": 3.038882421497486,
    "ratio_mape": 1.6951583254574396,
    "delta_mape": 0.04793206856117131,
    "ratio_medae": 1.5895770372185596,
    "delta_medae": 1.8411538486373402
  }
}