{
  "model_key": "xgboost",
  "prefix": "tree",
  "primary_metric": "neg_mean_absolute_percentage_error",
  "best_primary_value": -0.0359370306861518,
  "best_params": {
    "n_estimators": 1490,
    "max_depth": 5,
    "learning_rate": 0.03901044121552236,
    "subsample": 0.8066263655481786,
    "colsample_bytree": 0.6215029257598542,
    "min_child_weight": 2.737547969339373,
    "reg_alpha": 0.0013122326236070568,
    "reg_lambda": 0.0010622037411067188,
    "gamma": 0.17016094137148197
  },
  "metrics_train": {
    "r2": 0.9350277584202407,
    "mse": 0.03468144709944444,
    "rmse": 0.18622955484950407,
    "mae": 0.14444200295700996,
    "mape": 0.013039240587460347,
    "explained_variance": 0.9350278139740048,
    "medae": 0.1175994096579851
  },
  "metrics_test": {
    "r2": 0.41163767599553114,
    "mse": 0.29872341601352626,
    "rmse": 0.5465559587210868,
    "mae": 0.36307286639731573,
    "mape": 0.03341601210196206,
    "explained_variance": 0.41432903079697503,
    "medae": 0.27473243022517035
  },
  "metrics_train_original": {
    "r2": 0.919901868209803,
    "mse": 344223667.407714,
    "rmse": 18553.26568040554,
    "mae": 12608.685526067611,
    "mape": 0.15020604611896748,
    "explained_variance": 0.920943631293234,
    "medae": 8954.830078124985,
    "mape_floor": 0.14985376240955203
  },
  "metrics_test_original": {
    "r2": 0.6384162117142389,
    "mse": 2790989982.880393,
    "rmse": 52829.820962032354,
    "mae": 33742.861071957006,
    "mape": 0.6802472476505561,
    "explained_variance": 0.6397189659463762,
    "medae": 20783.41045184445,
    "mape_floor": 0.6802472476505561
  },
  "smearing_factor": 1.017351153032766,
  "overfit": {
    "gap_r2": 0.5233900824247095,
    "gap_explained_variance": 0.5206987831770298,
    "ratio_rmse": 2.9348508036910137,
    "delta_rmse": 0.36032640387158266,
    "ratio_mse": 8.613349239925789,
    "delta_mse": 0.2640419689140818,
    "ratio_mae": 2.513623869542826,
    "delta_mae": 0.21863086344030577,
    "ratio_mape": 2.56272686111013,
    "delta_mape": 0.020376771514501714,
    "ratio_medae": 2.3361718483466536,
    "delta_medae": 0.15713302056718526
  }
}