{
  "model_key": "xgboost",
  "prefix": "tree",
  "primary_metric": "neg_mean_absolute_percentage_error",
  "best_primary_value": -0.03876443342601518,
  "best_params": {
    "n_estimators": 327,
    "max_depth": 5,
    "learning_rate": 0.043037212793495996,
    "subsample": 0.7742011240558294,
    "colsample_bytree": 0.8842554186502581,
    "min_child_weight": 1.1561840428654486,
    "reg_alpha": 0.012454828337187316,
    "reg_lambda": 0.00019819171193658584,
    "gamma": 0.06260998020471635
  },
  "metrics_train": {
    "r2": 0.9798606823161076,
    "mse": 0.03863963706386555,
    "rmse": 0.19656967483278173,
    "mae": 0.15071304764690532,
    "mape": 0.014956794745986117,
    "explained_variance": 0.9798607603457745,
    "medae": 0.12072444536306426
  },
  "metrics_test": {
    "r2": 0.8363081392055083,
    "mse": 0.30741903671621257,
    "rmse": 0.5544538183800456,
    "mae": 0.3952501636694438,
    "mape": 0.03956494613867961,
    "explained_variance": 0.8363122012403966,
    "medae": 0.3096270264216674
  },
  "metrics_train_original": {
    "r2": 0.9508159556093767,
    "mse": 187590922.02560744,
    "rmse": 13696.3835382048,
    "mae": 8153.793815722446,
    "mape": 0.15721095750113676,
    "explained_variance": 0.9511946385993606,
    "medae": 3959.125185373825,
    "mape_floor": 0.15603115598200348
  },
  "metrics_test_original": {
    "r2": 0.6932042007601706,
    "mse": 1573681849.4613044,
    "rmse": 39669.65905400883,
    "mae": 21918.611638590417,
    "mape": 0.6112632323584543,
    "explained_variance": 0.6936369138908389,
    "medae": 10501.597656250007,
    "mape_floor": 0.6112176679607257
  },
  "smearing_factor": 1.0190716540703153,
  "overfit": {
    "gap_r2": 0.14355254311059928,
    "gap_explained_variance": 0.1435485591053779,
    "ratio_rmse": 2.820647787364503,
    "delta_rmse": 0.35788414354726383,
    "ratio_mse": 7.9560539403642645,
    "delta_mse": 0.26877939965234704,
    "ratio_mae": 2.6225344775420294,
    "delta_mae": 0.2445371160225385,
    "ratio_mape": 2.6452824158262565,
    "delta_mape": 0.024608151392693497,
    "ratio_medae": 2.5647417595541757,
    "delta_medae": 0.18890258105860314
  }
}