{
  "80%": {
    "coverage": 0.7596830985915493,
    "average_width": 128810.06657936529,
    "average_width_pct": 264048.44196092285,
    "target_coverage": 0.8
  },
  "90%": {
    "coverage": 0.8741197183098591,
    "average_width": 172658.2574343724,
    "average_width_pct": 353670.95880033704,
    "target_coverage": 0.9
  }
}