{
  "80%": {
    "coverage": 0.7986798679867987,
    "average_width": 130941.56549883858,
    "average_width_pct": 1281764.0674890475,
    "target_coverage": 0.8
  },
  "90%": {
    "coverage": 0.8778877887788779,
    "average_width": 173545.5501231479,
    "average_width_pct": 1701908.326302315,
    "target_coverage": 0.9
  }
}