{
  "80%": {
    "coverage": 0.8313953488372093,
    "average_width": 142657.2875036511,
    "average_width_pct": 1261465.1154152844,
    "target_coverage": 0.8
  },
  "90%": {
    "coverage": 0.8895348837209303,
    "average_width": 195047.65863611508,
    "average_width_pct": 1724380.1488182845,
    "target_coverage": 0.9
  }
}