{
  "80%": {
    "coverage": 0.7609841827768014,
    "average_width": 129010.41171860829,
    "average_width_pct": 279714.6778626575,
    "target_coverage": 0.8
  },
  "90%": {
    "coverage": 0.8804920913884007,
    "average_width": 173674.41979615146,
    "average_width_pct": 375784.95474615996,
    "target_coverage": 0.9
  }
}