{
  "80%": {
    "coverage": 0.7887788778877888,
    "average_width": 126246.47312637672,
    "average_width_pct": 213133.54694130787,
    "target_coverage": 0.8
  },
  "90%": {
    "coverage": 0.8778877887788779,
    "average_width": 163133.18808308692,
    "average_width_pct": 276358.8378083937,
    "target_coverage": 0.9
  }
}