{
  "80%": {
    "coverage": 0.7821782178217822,
    "average_width": 126221.12523670745,
    "average_width_pct": 221482.95076130665,
    "target_coverage": 0.8
  },
  "90%": {
    "coverage": 0.8877887788778878,
    "average_width": 164779.36771997443,
    "average_width_pct": 285917.70840906585,
    "target_coverage": 0.9
  }
}