group,count,r2,rmse,mse,mae,mape,medae
8,40,0.6945325885405536,11337.673066481007,128542830.56240883,4370.306633292011,0.3161203047255864,833.4641873985784
2,90,0.6799548433854461,50702.10598786606,2570703551.6048036,36476.49417033429,0.34389873306918156,24620.756907297233
18,89,0.4709120327120069,9845.601381823428,96935866.56976339,6979.349277560037,0.651810526181208,4638.2929198155725
7,13,0.33408584083670767,33261.116005553275,1106301837.9348722,23650.168652537828,0.46689779776211765,17971.37383209857
3,62,-0.07817688402543932,30168.759530077703,910154051.5836543,20713.79326072024,0.3125021718642206,13335.733349590984
