group,count,r2,rmse,mse,mae,mape,medae
18,87,0.9984531012630145,534.1010751032071,285263.95842640166,376.3476378248549,0.025814035649814927,284.5185837394456
8,40,0.9984308702620944,812.5889527429682,660300.8061199138,282.68889544370785,0.030518097542113858,91.77784600068298
3,62,0.9963257732087039,1761.1462605016814,3101636.1508790557,1244.822422630415,0.01732292322610031,876.1618977407852
7,13,0.9955902339912706,2706.6709703802358,7326067.741899088,1634.8566411485992,0.025165367006643284,924.9867829053546
2,92,0.9772341436278389,13533.328657965607,183150984.56451318,4393.523536165819,0.025550450334960763,1700.0829312534443
