group,count,r2,rmse,mse,mae,mape,medae
D2,29,0.8551425857763552,26406.77712062991,697317877.8986233,16356.20810439896,0.3119934224300967,7003.554434298363
C2,26,0.8257969362388802,18093.145918717826,327361929.23601556,12492.170277616802,0.3148476546930017,8197.723738017747
B1,97,0.7486039321439713,46530.03712769432,2165044355.104612,30072.073606755628,0.4249411033750433,17038.459777819167
D3,26,0.7173907677608605,20376.512936501927,415202279.45143044,11565.465266698553,0.5196714091902117,3808.5285702487568
C4,54,0.7107916191599739,28347.17834974323,803562520.3921514,18516.47059023478,1.268166671951135,9703.800325629818
C5,24,0.7051215131367322,20421.755928910476,417048115.2199902,12650.146817025452,0.29660988546904477,4639.02839414552
D1,22,0.5728966660631971,21566.299004388024,465105252.7466679,13550.811445436424,0.43363413553170177,9704.169060624634
C3,18,0.31720380682706195,26444.912422458863,699333393.031519,19459.466885623915,1.2590749743068352,16486.086443308275
