group,count,r2,rmse,mse,mae,mape,medae
D2,29,0.8869652874077794,22976.939422992225,527939745.24785435,17153.135324937146,0.3468268522648021,12568.693921238155
C2,26,0.8077308419675048,19008.2004681346,361311685.0367925,12812.85438834189,0.28749301235120284,6995.6499412501635
C5,24,0.7208160806288954,19870.863345870952,394851210.11027765,12794.315474953748,0.3155393415316876,5691.75469315454
B1,97,0.7144677488509188,49588.58814281568,2459028073.9978,28483.51242931905,0.39640977412443507,15613.569997653542
D3,26,0.6746343820120565,21863.642683813276,478018871.4054617,12939.36302001552,0.45077043265302624,5448.61863687964
C4,54,0.6544880723395906,34286.829100177325,1175586649.7447665,22887.862489524065,1.479884719332975,12719.167172001167
D1,22,0.49890883209370274,23359.713685736835,545676223.4796008,12486.477860837445,0.41447417727261243,6658.802119234271
C3,18,0.05029403776354646,31188.261706172736,972707668.2527207,22031.26571965487,1.0984831835925055,14099.609343767535
