group,count,r2,rmse,mse,mae,mape,medae
00210,40,0.6583342850556524,11990.63512556661,143775330.71447182,4621.2966986886695,0.3192414509919573,755.1436460210033
00020,92,0.6070962884366744,56221.92334939287,3160904665.105007,38143.08374142686,0.3520292657864902,25891.240932596105
00275,87,0.4458028730597503,10109.382868988616,102199621.9918005,6894.03139780734,0.615878179010747,5142.379872183345
00200,13,0.25918198155572403,35081.92863334319,1230741716.6349845,25303.580583521434,0.48461165821777236,13625.351422942967
00030,59,-0.1661864833363027,31955.446887189275,1021150585.7599748,21793.360993512375,0.3216634335615854,15278.490787490831
