group,count,r2,rmse,mse,mae,mape,medae
5,28,0.9682049256345802,29568.411186923713,874290940.1189954,18979.126519372792,0.27032608326088375,7321.692903521674
8,140,0.9588306781818423,2605.8540250572723,6790475.199907187,971.8266321939919,0.13470599844108808,289.92965120400174
2,349,0.932644531764324,21850.351052632315,477437841.1232701,15805.718857826152,0.15842047495237083,11204.634203112655
7,47,0.9214868320325755,58838.68195376536,3461990494.056353,24341.370532520483,0.18243909837662162,3720.8037058926566
18,336,0.8844431339911688,5359.8235372259005,28727708.350200765,3360.4238607709185,0.18922562987062141,1940.6620670302682
3,232,0.83635791536216,17510.884753735874,306631084.85861945,11840.276157808687,0.1719406127780148,8103.884240330899
