group,count,r2,rmse,mse,mae,mape,medae
00100,28,0.9682049256345802,29568.411186923713,874290940.1189954,18979.126519372792,0.27032608326088375,7321.692903521674
00210,140,0.9588306781818423,2605.8540250572723,6790475.199907187,971.8266321939919,0.13470599844108808,289.92965120400174
00020,349,0.932644531764324,21850.351052632315,477437841.1232701,15805.718857826152,0.15842047495237083,11204.634203112655
00200,47,0.9214868320325755,58838.68195376536,3461990494.056353,24341.370532520483,0.18243909837662162,3720.8037058926566
00275,336,0.8844431339911688,5359.8235372259005,28727708.350200765,3360.4238607709185,0.18922562987062141,1940.6620670302682
00030,221,0.831844987133272,17792.941969347357,316588783.92456263,12122.885702384878,0.1728768699111274,8337.439477609376
00040,10,0.7614266141271133,10827.02341503173,117224436.02964535,6757.1666848871155,0.14697723784543462,2917.5112452578287
