group,count,r2,rmse,mse,mae,mape,medae
00210,42,0.7014611075360134,10994.318431107968,120875037.76460037,4288.817197922409,0.3559833400592436,789.6121595004468
00020,95,0.5634635471402096,70397.67554680245,4955832722.392867,40762.983619430815,0.3145807468176158,25083.93595174521
00275,88,0.502708505702535,9915.811777505405,98323323.2069149,6937.42473756067,0.6008786383644446,4496.370223505588
00200,13,0.4871167851689818,26688.53327643002,712277808.4471123,22148.26260625546,0.5604872645224759,18228.5033880818
00030,54,0.1548065983844501,25071.41356245136,628575778.01947,17938.464368427904,0.2997349139204506,12927.086702054457
