group,count,r2,rmse,mse,mae,mape,medae
D3,26,0.9995015712693701,855.7328932574319,732278.7846027353,586.0205051318281,0.025010312139360003,382.12739779652475
C3,18,0.9991718217848307,920.9975793731561,848236.5412112129,720.9556297917284,0.024496822639833802,577.0420427563658
C2,26,0.9990942095697296,1304.6681348848851,1702158.942184005,836.518030390113,0.01920146240529129,302.3166743479851
D1,22,0.9985770208370304,1244.8253152888278,1549590.0655839297,824.1374481738527,0.020401556692291066,436.56625483331663
D2,29,0.998466532894699,2676.2303664204574,7162208.974150974,1343.0122894475378,0.02017949633933946,385.8040414526322
C4,54,0.9981260541723315,2525.075199999236,6376004.76565118,1576.3431239597894,0.025926221500040286,763.961288898965
C5,24,0.995454355738924,2535.5329534849566,6428927.358208147,1308.2767899723447,0.03956350543881104,576.3325441579291
B1,97,0.9936363197841497,7403.009941839704,54804556.19897749,2466.080329454221,0.021847689630748884,773.257259906939
