group,count,r2,rmse,mse,mae,mape,medae
D2,28,0.8504006644651442,28324.05583069156,802252138.7001325,16663.539806218243,0.36230975096217627,5559.8676130808935
C2,27,0.8335316456753679,17816.1443885949,317415000.87526155,11716.02805678319,0.3093140807099793,6239.701650637053
C6,11,0.7734920435957898,52778.479289598916,2785567876.1226215,23144.287760019706,0.30407504453839246,3298.9459848413753
D1,19,0.7537447144897763,17025.918418794907,289881898.0034597,11434.658493616205,0.32401718731688695,7900.785360616534
C5,22,0.7170315886973642,20577.30525540434,423425491.57409096,12251.087466950123,0.2709625315033924,4866.497159076207
C4,55,0.7128181497629719,29641.040749406235,878591296.707961,18685.923877537876,1.287705059865736,11017.390609673093
B1,97,0.6655896203023899,65001.57152277066,4225204300.42987,33619.295226041715,0.40834994521625906,17939.100058265823
D3,25,0.6495639726064384,22706.633022242593,515591183.2067977,12238.859946354798,0.5169816381420533,4367.323863087584
C3,19,0.4936675892183011,22942.730623203297,526368888.4488703,16845.975207650863,1.088637526142433,13278.261583739964
