group,count,r2,rmse,mse,mae,mape,medae
8,68,0.6642773233658563,9722.923726284916,94535245.78715418,3854.7766804586554,0.3498904937369995,962.0467032482795
18,181,0.6220567569100387,9660.692813273445,93328985.63243318,6463.883666279435,0.45533851296655764,4569.127600567073
2,164,0.5885321574991653,60611.321351006074,3673732275.9149246,38394.01696098821,0.3122463183362688,24642.717634049015
3,114,0.38200965950117516,29982.691040468006,898961762.0281605,21169.61196470291,0.42194160303616063,15361.006685730552
5,18,0.3580693611670168,95158.27795834359,9055097863.99738,65609.54241637718,3.1587752801906577,51861.80928811433
7,23,-0.7879166785486502,70978.62262770731,5037964870.126484,38920.719605878716,0.5514760836775902,16225.28488194205
