group,count,r2,rmse,mse,mae,mape,medae
00210,40,0.6945325885405536,11337.673066481007,128542830.56240883,4370.306633292011,0.3161203047255864,833.4641873985784
00020,90,0.6799548433854461,50702.10598786606,2570703551.6048036,36476.49417033429,0.34389873306918156,24620.756907297233
00275,89,0.4709120327120069,9845.601381823428,96935866.56976339,6979.349277560037,0.651810526181208,4638.2929198155725
00200,13,0.33408584083670767,33261.116005553275,1106301837.9348722,23650.168652537828,0.46689779776211765,17971.37383209857
00030,59,-0.02583092626917094,29970.831195021747,898250722.5204886,20230.150324352784,0.30605464585472303,12710.766995064012
