group,count,r2,rmse,mse,mae,mape,medae
2,90,0.6737660117276827,51189.98141946172,2620414197.7248363,36292.12768954336,0.3436776790838149,25627.23193045459
8,40,0.6702568714040488,11779.568018582211,138758222.70440486,4913.404697546143,0.37910236888938853,986.2364483780744
18,89,0.5179183306937409,9398.06869671111,88323695.22810128,6437.847274127999,0.5849597619948501,3961.173883920521
7,13,0.3547820929539516,32740.16760504021,1071918574.8061243,25774.347310955753,0.5402934327364917,22094.781797835618
3,62,-0.2513398684532353,32501.25162479602,1056331357.178306,21750.845338235493,0.3218786056857004,13768.809271079022
