group,count,r2,rmse,mse,mae,mape,medae
00275,87,0.9984531012630145,534.1010751032071,285263.95842640166,376.3476378248549,0.025814035649814927,284.5185837394456
00210,40,0.9984308702620944,812.5889527429682,660300.8061199138,282.68889544370785,0.030518097542113858,91.77784600068298
00030,59,0.9963444507321488,1789.1107056337303,3200917.1170132244,1257.7625805330276,0.017352496679151678,846.8888610326248
00200,13,0.9955902339912706,2706.6709703802358,7326067.741899088,1634.8566411485992,0.025165367006643284,924.9867829053546
00020,92,0.9772341436278389,13533.328657965607,183150984.56451318,4393.523536165819,0.025550450334960763,1700.0829312534443
