group,count,r2,rmse,mse,mae,mape,medae
00020,90,0.6737660117276827,51189.98141946172,2620414197.7248363,36292.12768954336,0.3436776790838149,25627.23193045459
00210,40,0.6702568714040488,11779.568018582211,138758222.70440486,4913.404697546143,0.37910236888938853,986.2364483780744
00275,89,0.5179183306937409,9398.06869671111,88323695.22810128,6437.847274127999,0.5849597619948501,3961.173883920521
00200,13,0.3547820929539516,32740.16760504021,1071918574.8061243,25774.347310955753,0.5402934327364917,22094.781797835618
00030,59,-0.18556115674752438,32219.80254674381,1038115676.1511588,21187.191265441026,0.31434756947173287,13124.83802274376
