group,count,r2,rmse,mse,mae,mape,medae
D2,29,0.8894883712357258,23064.764545607166,531983363.5442974,15082.869814769396,0.29536597075905857,7365.591544283096
C2,26,0.7967103353282983,19545.367520073552,382021391.49474615,13059.815925659906,0.3087954444245987,7731.344639892233
B1,97,0.7538971369411547,46037.58056647611,2119458824.4147782,28657.439711345163,0.4136864705462782,15198.80209280779
C4,54,0.6830840256997643,29674.02542099284,880547784.6857291,19332.3837251867,1.2734207944636877,9337.372399186483
C5,24,0.6686452325900818,21648.018403302256,468636700.78971314,13101.378631634774,0.29882471007116795,6691.59196445702
D3,26,0.6355632297471101,23139.170518249557,535421212.2726295,13284.40449204724,0.4901393076837286,4977.439982303454
D1,22,0.5081500955213616,23143.308103871368,535612709.99071807,14331.227791713645,0.4982867431906582,9035.508506126505
C3,18,-0.10986701891220974,33715.69065952803,1136747796.6489859,22477.47669368431,1.1930700833059424,15285.13925423058
