group,count,r2,rmse,mse,mae,mape,medae
D2,17,0.7780279733563195,29010.23484331163,841593725.6640923,23270.315430697316,0.270462323568189,23691.64083557656
B1,63,0.5942543907473465,77681.06614752686,6034348037.816443,47208.180402245394,0.41897068892404155,30846.37852361299
C4,28,0.1691317642464999,41281.51294105228,1704163310.702267,30135.13275458641,2.6601832390386515,22781.599111166197
D3,10,0.14911588549096755,36283.704908249594,1316507241.8689358,27850.6635777528,0.4626015393928089,23952.11992521118
D1,15,0.1352030696933254,28506.81899759109,812638729.3614203,20483.20266196477,0.4682815883194814,12680.43022927887
C2,15,0.05650274197773908,24387.900271492425,594769679.6522603,18937.72577587477,0.2413502098024836,10735.108295639991
C5,10,0.044242144685600726,26374.13042444253,695594755.6455052,21369.604374324015,0.27846355490184616,19622.28325807493
