group,count,r2,rmse,mse,mae,mape,medae
2,93,0.5855947351520041,67990.76558397214,4622744204.694651,40633.33204185535,0.340130680949638,29093.76346679288
7,11,0.18884302715421908,39255.642763420394,1541005488.7692802,27975.088699797747,0.5491167668851475,18848.11066124247
3,59,-0.0050038008006849655,29465.021111661375,868187469.1106507,20960.00878647347,0.31731594487356257,15590.576932044569
