{
  "type": "stacking",
  "members": [
    "xgboost",
    "catboost",
    "lightgbm",
    "rf"
  ],
  "final_estimator": "ridge",
  "profile": "tree",
  "metrics_train": {
    "r2": 0.9625768148204106,
    "mse": 22.30370014669539,
    "rmse": 4.722679339812877,
    "mae": 3.5255729265426567,
    "mape": 0.05824142579729193,
    "explained_variance": 0.9632734076730778,
    "medae": 2.7562576427405716
  },
  "metrics_test": {
    "r2": 0.8320705111077695,
    "mse": 105.62305785077679,
    "rmse": 10.277307908726721,
    "mae": 7.4696884834351875,
    "mape": 0.1208119857879156,
    "explained_variance": 0.8330451909948304,
    "medae": 5.528972301260509
  },
  "metrics_train_original": {
    "r2": 0.9390510253317299,
    "mse": 218424366.8161463,
    "rmse": 14779.18694705992,
    "mae": 8742.359422022793,
    "mape": 0.2137026209764934,
    "explained_variance": 0.9390665616447815,
    "medae": 4981.874150808284
  },
  "metrics_test_original": {
    "r2": 0.7724183186879251,
    "mse": 1144612371.8724968,
    "rmse": 33832.12041644001,
    "mae": 20362.855731068168,
    "mape": 0.6020184238717199,
    "explained_variance": 0.7725261496541443,
    "medae": 10846.702704152754,
    "mape_floor": 0.6010541977063122
  },
  "overfit": {
    "gap_r2": 0.13050630371264105,
    "gap_explained_variance": 0.13022821667824735,
    "ratio_rmse": 2.176160431238156,
    "delta_rmse": 5.554628568913844,
    "ratio_mse": 4.7356742224866375,
    "delta_mse": 83.3193577040814,
    "ratio_mae": 2.11871620274788,
    "delta_mae": 3.944115556892531,
    "ratio_mape": 2.0743308415628285,
    "delta_mape": 0.06257055999062366,
    "ratio_medae": 2.005970782819491,
    "delta_medae": 2.772714658519938
  }
}