{
  "type": "stacking",
  "members": [
    "gbr",
    "xgboost",
    "hgbt",
    "catboost",
    "lightgbm"
  ],
  "final_estimator": "ridge",
  "metrics_train": {
    "r2": 0.9866879268585493,
    "mse": 0.02554076969373607,
    "rmse": 0.15981479810623317,
    "mae": 0.12034541790747254,
    "mape": 0.012094964381732513,
    "explained_variance": 0.9875732555980512,
    "medae": 0.09336742265009068
  },
  "metrics_test": {
    "r2": 0.8454857548835004,
    "mse": 0.2901831536528387,
    "rmse": 0.5386865077694435,
    "mae": 0.38367399537534624,
    "mape": 0.038665769119199354,
    "explained_variance": 0.8460808481010549,
    "medae": 0.30920521281800006
  },
  "metrics_train_original": {
    "r2": 0.9703859887302234,
    "mse": 112949631.28394592,
    "rmse": 10627.776403554317,
    "mae": 6217.126014167197,
    "mape": 0.12018615421400956,
    "explained_variance": 0.970615596453999,
    "medae": 3007.57745718574
  },
  "metrics_test_original": {
    "r2": 0.7353075693644187,
    "mse": 1357716353.3956642,
    "rmse": 36847.202789298186,
    "mae": 20924.88450648058,
    "mape": 0.6031830864063639,
    "explained_variance": 0.7372299198847541,
    "medae": 10849.817840430438,
    "mape_floor": 0.6013438448018904
  },
  "overfit": {
    "gap_r2": 0.14120217197504892,
    "gap_explained_variance": 0.14149240749699632,
    "ratio_rmse": 3.3706922897801,
    "delta_rmse": 0.3788717096632103,
    "ratio_mse": 11.361566512383014,
    "delta_mse": 0.2646423839591026,
    "ratio_mae": 3.1881063861553387,
    "delta_mae": 0.2633285774678737,
    "ratio_mape": 3.196848531244767,
    "delta_mape": 0.02657080473746684,
    "ratio_medae": 3.311703419047947,
    "delta_medae": 0.21583779016790938
  }
}