{
  "type": "stacking",
  "members": [
    "xgboost",
    "lightgbm",
    "rf",
    "catboost"
  ],
  "final_estimator": "ridge",
  "profile": "tree",
  "metrics_train": {
    "r2": 0.9480854608829687,
    "mse": 29.811263733051813,
    "rmse": 5.45996920623659,
    "mae": 3.9985404564284996,
    "mape": 0.06650051807925585,
    "explained_variance": 0.94867232772872,
    "medae": 3.056793297345564
  },
  "metrics_test": {
    "r2": 0.8487244652306467,
    "mse": 98.87232280382673,
    "rmse": 9.94345628058105,
    "mae": 7.144306910771005,
    "mape": 0.11690423666925996,
    "explained_variance": 0.8493353076921726,
    "medae": 5.29299202150861
  },
  "metrics_train_original": {
    "r2": 0.904278071444689,
    "mse": 324903596.9664218,
    "rmse": 18025.082439934133,
    "mae": 10212.382981488247,
    "mape": 0.2567937053279645,
    "explained_variance": 0.9043211836732962,
    "medae": 5505.796934098938
  },
  "metrics_test_original": {
    "r2": 0.7187822442750831,
    "mse": 1840118004.4310694,
    "rmse": 42896.59665324359,
    "mae": 21251.23416143218,
    "mape": 0.5902641954691545,
    "explained_variance": 0.720598727382231,
    "medae": 9391.507577415938,
    "mape_floor": 0.5874615771517439
  },
  "overfit": {
    "gap_r2": 0.09936099565232204,
    "gap_explained_variance": 0.09933702003654743,
    "ratio_rmse": 1.8211561100423874,
    "delta_rmse": 4.48348707434446,
    "ratio_mse": 3.316609577144721,
    "delta_mse": 69.06105907077492,
    "ratio_mae": 1.7867286797823991,
    "delta_mae": 3.145766454342505,
    "ratio_mape": 1.7579447505947632,
    "delta_mape": 0.050403718590004115,
    "ratio_medae": 1.7315505193317782,
    "delta_medae": 2.236198724163046
  }
}