{
  "type": "stacking",
  "members": [
    "hgbt",
    "gbr",
    "xgboost",
    "catboost",
    "lightgbm",
    "rf"
  ],
  "final_estimator": "ridge",
  "profile": "tree",
  "metrics_train": {
    "r2": 0.9841142927549937,
    "mse": 9.467661539511267,
    "rmse": 3.0769565384501725,
    "mae": 2.3067507905033713,
    "mape": 0.03698884231756408,
    "explained_variance": 0.9841840899302804,
    "medae": 1.7290024919887337
  },
  "metrics_test": {
    "r2": 0.8247638782860153,
    "mse": 110.21873015537012,
    "rmse": 10.49851085418166,
    "mae": 7.622779285708038,
    "mape": 0.12325353591745404,
    "explained_variance": 0.8248757593070226,
    "medae": 5.187849934558571
  },
  "metrics_train_original": {
    "r2": 0.9747296539024418,
    "mse": 90561972.13531701,
    "rmse": 9516.405420920077,
    "mae": 5760.904318479077,
    "mape": 0.1244413825830291,
    "explained_variance": 0.9754157193907159,
    "medae": 2923.162883072081
  },
  "metrics_test_original": {
    "r2": 0.7651532537281454,
    "mse": 1181151706.6180658,
    "rmse": 34367.88772412506,
    "mae": 20417.0045346353,
    "mape": 0.5961746757834716,
    "explained_variance": 0.7657028266831543,
    "medae": 10026.001312184468,
    "mape_floor": 0.5949360562233329
  },
  "overfit": {
    "gap_r2": 0.15935041446897846,
    "gap_explained_variance": 0.15930833062325778,
    "ratio_rmse": 3.4119789223508628,
    "delta_rmse": 7.421554315731488,
    "ratio_mse": 11.641600166566553,
    "delta_mse": 100.75106861585886,
    "ratio_mae": 3.3045525841326886,
    "delta_mae": 5.316028495204667,
    "ratio_mape": 3.332181495686534,
    "delta_mape": 0.08626469359988996,
    "ratio_medae": 3.000487251230853,
    "delta_medae": 3.4588474425698372
  }
}