{
  "type": "stacking",
  "members": [
    "gbr",
    "xgboost",
    "catboost",
    "lightgbm",
    "hgbt"
  ],
  "final_estimator": "ridge",
  "metrics_train": {
    "r2": 0.9731852840467794,
    "mse": 7.964939184696906,
    "rmse": 2.8222223839904794,
    "mae": 2.063817392548152,
    "mape": 0.042453760695314445,
    "explained_variance": 0.9732519604065807,
    "medae": 1.5235612175087212
  },
  "metrics_test": {
    "r2": 0.8544053671696995,
    "mse": 48.759124679439545,
    "rmse": 6.982773423177895,
    "mae": 5.111113752667636,
    "mape": 0.10210487430723629,
    "explained_variance": 0.8544073971371421,
    "medae": 3.6760241384413845
  },
  "metrics_train_original": {
    "r2": 0.9527573794198304,
    "mse": 197008375.20910576,
    "rmse": 14035.967198918133,
    "mae": 7503.418281624412,
    "mape": 0.16199547842081108,
    "explained_variance": 0.9537384912962018,
    "medae": 3586.1735901034717
  },
  "metrics_test_original": {
    "r2": 0.6946136901549471,
    "mse": 1802837374.0080197,
    "rmse": 42459.832477389966,
    "mae": 21713.134133217747,
    "mape": 0.4852746886783023,
    "explained_variance": 0.6967068365549032,
    "medae": 9911.224164775194,
    "mape_floor": 0.4845812397797301
  },
  "overfit": {
    "gap_r2": 0.1187799168770799,
    "gap_explained_variance": 0.1188445632694386,
    "ratio_rmse": 2.474210913636298,
    "delta_rmse": 4.160551039187416,
    "ratio_mse": 6.121719645156964,
    "delta_mse": 40.794185494742635,
    "ratio_mae": 2.4765339080494186,
    "delta_mae": 3.0472963601194842,
    "ratio_mape": 2.4050843231540955,
    "delta_mape": 0.059651113611921845,
    "ratio_medae": 2.412784006442683,
    "delta_medae": 2.1524629209326633
  }
}