{
  "type": "stacking",
  "members": [
    "xgboost",
    "gbr",
    "catboost",
    "lightgbm",
    "rf"
  ],
  "final_estimator": "ridge",
  "metrics_train": {
    "r2": 0.9388367704029202,
    "mse": 0.032648239619350296,
    "rmse": 0.18068823874107107,
    "mae": 0.1371440077866307,
    "mape": 0.012598590111249615,
    "explained_variance": 0.942504279811838,
    "medae": 0.11091973332770966
  },
  "metrics_test": {
    "r2": 0.43216200903635116,
    "mse": 0.288302798262845,
    "rmse": 0.5369383561106852,
    "mae": 0.3569412134293677,
    "mape": 0.03300003283359664,
    "explained_variance": 0.4395992150885961,
    "medae": 0.2857480417747338
  },
  "metrics_train_original": {
    "r2": 0.9219551884293025,
    "mse": 335399473.8775846,
    "rmse": 18313.914761120424,
    "mae": 11926.488828601781,
    "mape": 0.14002241702098026,
    "explained_variance": 0.9249477805044314,
    "medae": 7902.870337263981
  },
  "metrics_test_original": {
    "r2": 0.5940401821692147,
    "mse": 3133519316.1985264,
    "rmse": 55977.84665560588,
    "mae": 33384.93810784479,
    "mape": 0.7285768727840409,
    "explained_variance": 0.6008011354631553,
    "medae": 21605.99691195046,
    "mape_floor": 0.7285768727840409
  },
  "overfit": {
    "gap_r2": 0.5066747613665691,
    "gap_explained_variance": 0.5029050647232419,
    "ratio_rmse": 2.9716287006379307,
    "delta_rmse": 0.3562501173696141,
    "ratio_mse": 8.830577134455075,
    "delta_mse": 0.2556545586434947,
    "ratio_mae": 2.6026745111948206,
    "delta_mae": 0.219797205642737,
    "ratio_mape": 2.6193433187519957,
    "delta_mape": 0.020401442722347028,
    "ratio_medae": 2.576169570571344,
    "delta_medae": 0.17482830844702413
  }
}