{
  "type": "stacking",
  "members": [
    "hgbt",
    "gbr",
    "xgboost",
    "lightgbm",
    "catboost",
    "rf"
  ],
  "final_estimator": "ridge",
  "metrics_train": {
    "r2": 0.9837131354421921,
    "mse": 9.661218183347552,
    "rmse": 3.1082500194398057,
    "mae": 2.3245765244941388,
    "mape": 0.03729717537530465,
    "explained_variance": 0.983760979405826,
    "medae": 1.7495402097158035
  },
  "metrics_test": {
    "r2": 0.8260213846363808,
    "mse": 110.34923484257187,
    "rmse": 10.504724405836255,
    "mae": 7.648808677055409,
    "mape": 0.12146272732986023,
    "explained_variance": 0.8260214891621709,
    "medae": 5.575481063419154
  },
  "metrics_train_original": {
    "r2": 0.9741917154190105,
    "mse": 91960666.030067,
    "rmse": 9589.612402494013,
    "mae": 5818.808389749133,
    "mape": 0.1262698075530408,
    "explained_variance": 0.974808436905446,
    "medae": 3105.2957559152856
  },
  "metrics_test_original": {
    "r2": 0.7514290603312059,
    "mse": 1275022594.9297764,
    "rmse": 35707.45853361418,
    "mae": 21040.1888047289,
    "mape": 0.5809926371596259,
    "explained_variance": 0.7525673927645053,
    "medae": 11346.40067988944,
    "mape_floor": 0.5805355688411249
  },
  "overfit": {
    "gap_r2": 0.15769175080581133,
    "gap_explained_variance": 0.15773949024365508,
    "ratio_rmse": 3.3796265873520377,
    "delta_rmse": 7.396474386396449,
    "ratio_mse": 11.421875869936782,
    "delta_mse": 100.68801665922432,
    "ratio_mae": 3.290409498874166,
    "delta_mae": 5.324232152561271,
    "ratio_mape": 3.256620001585525,
    "delta_mape": 0.08416555195455558,
    "ratio_medae": 3.1868264772976205,
    "delta_medae": 3.825940853703351
  }
}