{
  "type": "stacking",
  "members": [
    "xgboost",
    "gbr",
    "catboost",
    "lightgbm",
    "hgbt"
  ],
  "final_estimator": "ridge",
  "metrics_train": {
    "r2": 0.9748210984115688,
    "mse": 8.336543178342376,
    "rmse": 2.8873072538859414,
    "mae": 2.1301323031995927,
    "mape": 0.04192600606181921,
    "explained_variance": 0.9750961926041423,
    "medae": 1.5769729403252768
  },
  "metrics_test": {
    "r2": 0.9716150146553302,
    "mse": 10.943118242455864,
    "rmse": 3.3080384282011996,
    "mae": 2.416232464762627,
    "mape": 0.04557322756553846,
    "explained_variance": 0.9719036302311842,
    "medae": 1.7815276081466358
  },
  "metrics_train_original": {
    "r2": 0.9560184859321952,
    "mse": 183578264.69463435,
    "rmse": 13549.10567877579,
    "mae": 7405.747583192116,
    "mape": 0.155760602525051,
    "explained_variance": 0.9575563632950229,
    "medae": 3601.5536507741344
  },
  "metrics_test_original": {
    "r2": 0.9496825331028945,
    "mse": 385386748.4157184,
    "rmse": 19631.269658779547,
    "mae": 9934.48809051005,
    "mape": 0.17378381043910607,
    "explained_variance": 0.9513547496849518,
    "medae": 4341.491276288403,
    "mape_floor": 0.17094014720837217
  },
  "overfit": {
    "gap_r2": 0.0032060837562386535,
    "gap_explained_variance": 0.0031925623729580632,
    "ratio_rmse": 1.1457174929162834,
    "delta_rmse": 0.4207311743152582,
    "ratio_mse": 1.3126685735743737,
    "delta_mse": 2.6065750641134873,
    "ratio_mae": 1.1343109820612052,
    "delta_mae": 0.2861001615630343,
    "ratio_mape": 1.0869918660590154,
    "delta_mape": 0.003647221503719246,
    "ratio_medae": 1.1297134925975116,
    "delta_medae": 0.204554667821359
  }
}