Statistic,Value
count,5680.0
mean,62428.259154929576
median,42000.0
std,79616.6601966064
min,178.9060139014808
max,1483525.9158955843
skewness,5.186085543422488
kurtosis,54.48336740648204
