,Raw,Filtered,Delta,Delta_Pct
Count,5680.0,5499.0,-181.0,-3.186619718309859
Mean,62428.259154929576,61661.76969853556,-766.4894563940179,-1.227792456124404
Median,42000.0,41755.0,-245.0,-0.5833333333333334
Std,79616.6601966064,78928.57544465743,-688.0847519489762,-0.8642471943055773
Min,178.9060139014808,178.9060139014808,0.0,0.0
Max,1483525.9158955843,1483525.9158955843,0.0,0.0
Skewness,5.186085543422489,5.272039926933217,0.08595438351072815,1.6574038895240377
Kurtosis,54.48336740648204,56.378987967126626,1.8956205606445877,3.4792646836639185
