AI_ZonaOmi,Raw,Filtered,Removed,Removed_Pct
B1,1777,1776,1,0.056274620146314014
C4,1094,1093,1,0.09140767824497258
D2,714,701,13,1.8207282913165266
D1,553,546,7,1.2658227848101267
C2,385,385,0,0.0
D3,350,341,9,2.5714285714285716
C5,276,275,1,0.36231884057971014
C3,177,176,1,0.5649717514124294
C6,157,156,1,0.6369426751592356
E3,53,0,53,100.0
E2,49,0,49,100.0
E1,37,0,37,100.0
R1,8,0,8,100.0
