group,count,r2,rmse,mse,mae,mape,medae
2,90,0.6778182099574415,50871.069033404936,2587865664.601451,38283.002728001404,0.3752001311605859,29662.307585527597
8,40,0.6140154248689909,12744.607413256446,162425018.11803117,4949.052555644713,0.40892507822275376,1027.89563939234
18,89,0.32603604432130895,11112.112804064265,123479050.97024897,7349.794963692728,0.6605699049638402,5329.580997099687
7,13,0.28133342708266385,34553.44989939361,1193940899.949904,25825.224303336006,0.5286300625417207,22285.76571589636
3,62,-0.3006528921094551,33135.47118734003,1097959450.8070414,22277.495711469714,0.327206986953539,13960.802785576197
