group,count,r2,rmse,mse,mae,mape,medae
2,93,0.5527009426693615,70637.65783553425,4989678704.490014,43516.9772177044,0.3640613386720792,25831.102434881293
7,11,0.21209014247103886,38689.035837115596,1496841494.005615,29513.158285303143,0.5897819360113294,26562.723261839972
3,59,-0.15377450263678472,31570.639062845203,996705250.8364475,21574.002193555043,0.3069123917674235,13318.697133490045
