group,count,r2,rmse,mse,mae,mape,medae
D2,29,0.8039907796464842,30256.905766807904,915480346.5814935,22269.55134739935,0.43682550640230977,17645.370503565646
C2,26,0.8039773289356233,19192.844412396367,368365276.63845444,12464.858977465095,0.31854306724507264,6608.944326849421
C4,54,0.6916316175545111,32391.474777257718,1049207638.245723,20930.44968580993,1.4539312766124495,8990.474028037292
C5,24,0.6779858267220692,21340.718167518073,455426251.90543586,13138.497563879544,0.34468858473338515,4439.795812024446
D3,26,0.6614823391211997,22301.155071785215,497341517.5358114,12294.818553717427,0.4304931854722074,5835.113350422205
B1,97,0.6333001495692738,56196.53329539899,3158050354.420888,31485.67179147627,0.4099394290902024,15425.38109740238
D1,22,0.4880619093165226,23611.189325427153,557488261.3611652,13715.653817512364,0.534950603927485,8289.39217772828
C3,18,0.03007240671018363,31518.55110152746,993419063.539598,20247.96675866508,0.8032535818009294,8575.759483648726
