group,count,r2,rmse,mse,mae,mape,medae
C2,26,0.8182617390418163,18480.315245074336,341522051.5573269,11817.564099010986,0.31061212462153887,6039.7688465408155
D2,29,0.809425958057143,30288.44017792379,917389608.411668,18206.03228304167,0.3632471443523338,8513.320406845847
D3,26,0.6847062836278276,21522.58093989792,463221490.31445736,12238.942497684433,0.49345313713234035,4656.550542581172
B1,97,0.6820983878828604,52323.950237882455,2737795768.4963994,32908.10132742001,0.4615242928524443,18031.83214117978
C4,54,0.665207542844906,30499.46571627666,930217408.9783353,19705.820551593297,1.5626176052723895,8855.82604576249
C5,24,0.6635086918783389,21815.162982345177,475901335.94628334,13432.768510278716,0.32457763256700184,5229.044909309938
D1,22,0.6115936969839253,20566.11575597187,422965117.2880344,12727.98247814416,0.4785902132814661,7383.6832103143715
C3,18,0.4261726425089576,24243.047496741325,587725351.9292558,18067.649386811812,1.2286192154471505,14510.83818026554
