group,count,r2,rmse,mse,mae,mape,medae
00020,93,0.5527009426693615,70637.65783553425,4989678704.490014,43516.9772177044,0.3640613386720792,25831.102434881293
00200,11,0.21209014247103886,38689.035837115596,1496841494.005615,29513.158285303143,0.5897819360113294,26562.723261839972
00030,57,-0.14230667507276706,31770.750230406746,1009380570.2028903,21516.625038399852,0.30394324642870324,12874.54605449592
