group,count,r2,rmse,mse,mae,mape,medae
00210,40,0.5778270881802201,13328.665506056257,177653324.1723339,5021.512407111169,0.35116637896230185,827.088409884263
00020,92,0.5067216260664371,62995.375775735294,3968417369.1260967,40216.32492476453,0.3541025442584925,26942.203202948745
00275,87,0.43204643308394153,10234.082778148157,104736450.30998868,7462.132386119762,0.5872117761513569,5917.52257760378
00200,13,0.31532995154011745,33726.273467140185,1137461521.980324,27934.8395731901,0.6666346468316685,22569.60320574578
00030,59,-0.018815741578326106,29868.177045401386,892108000.0154423,20652.70446022031,0.3191796875787206,15425.38109740238
