group,count,r2,rmse,mse,mae,mape,medae
D2,29,0.8831007255103157,23721.9804437122,562732356.171864,14865.48887304774,0.27060341255877207,8626.221441066315
C2,26,0.7979627171852044,19485.069126772913,379667918.8751189,13221.023058332386,0.30850027618805637,8480.484407381366
B1,97,0.7563930093878214,45803.53870890219,2097964158.257901,29823.383606093234,0.4444458238203717,18767.110236957556
C5,24,0.6524715302173505,22170.052971330053,491511248.75158054,13507.281090109595,0.31630288262704925,5903.410295696154
D3,26,0.6285832504439574,23359.70932876262,545676019.9242793,14454.726619738594,0.5570154517537943,7742.186695393322
C4,54,0.5794705280852972,34182.40520022888,1168436825.2726343,22751.23575908956,1.6589570466691361,13419.847814344728
D1,22,0.5644283921284536,21779.049549490413,474326999.2791586,13145.872554605447,0.4227531335326416,6265.2379935072
C3,18,-0.12829899940878953,33994.50244329882,1155626196.3674495,24290.60501993223,1.4085993503574565,18797.405357247764
