group,count,r2,rmse,mse,mae,mape,medae
D2,28,0.8822590708885039,25127.79259754976,631405960.8254765,17318.345056077647,0.3201722384763363,10008.88344283592
C2,27,0.7854183875496263,20227.589564552665,409155379.5919999,13778.225524805319,0.3256289197136287,7709.454415675413
C5,22,0.7115540577626775,20775.512159891292,431621905.5057909,12616.461842184548,0.30258287641852705,5533.208783585118
C6,11,0.7113075618670504,59584.43779815952,3550305227.72274,27731.279069670305,0.3385459437294643,11138.5546297564
C4,55,0.6859014541819067,30999.016600901294,960939030.222954,19914.799944406408,1.315248186677444,11354.998346608321
B1,97,0.6702911279374124,64543.02245407189,4165801747.506829,33723.037050439685,0.427184894466161,16539.83188504778
D1,19,0.6508293420436433,20273.869111371354,411029768.7450175,14154.474110450094,0.38548752214414234,12215.65748522737
D3,25,0.6439171957605089,22888.84444158177,523899199.87092865,13312.604151187483,0.5210361150151318,5858.016718540779
C3,19,0.39230411094249307,25134.508162440114,631743500.5677687,18496.314288401605,1.1293222284897144,17352.647212865773
