group,count,r2,rmse,mse,mae,mape,medae
00210,140,0.9355769718659841,3259.746250841766,10625945.619876951,1251.3314842687832,0.1865587101119844,427.7603843498871
00100,28,0.9038092991905066,51429.77340808444,2645021592.806909,27016.412125156603,0.5329650300512709,12492.456662858469
00020,349,0.8985099102039105,26821.546022248105,719395331.0235732,18663.42045345265,0.19000843105962104,13116.735568992313
00275,336,0.8606528444633351,5885.748058979209,34642030.21377753,3706.5135081986864,0.22463603309157065,2328.614909538057
00030,221,0.818916682443279,18464.267113719197,340929160.04677224,12960.776597097558,0.1902143063524932,9171.869272863398
00200,47,0.7932362805585182,95483.61497972888,9117120729.597105,36859.76057290574,0.30173778372107657,6181.680972412301
00040,10,0.7766010288616553,10477.041477432902,109768398.1198494,6891.0067351639245,0.15836893791800877,3387.7134668381223
