group,count,r2,rmse,mse,mae,mape,medae
D2,17,0.6512872791999688,36361.01652937403,1322123523.049411,28481.809748704323,0.35809810916499146,24455.58021988024
B1,63,0.559379946984155,80950.65968618002,6553009303.627732,50814.14783334795,0.46338687898601116,29353.81277443473
D1,15,0.21195359659471324,27212.446245999003,740517230.6913851,19041.290091621882,0.38161093754254516,10898.984462647612
C4,28,0.1601377176600235,41504.345184543134,1722610669.1977086,31354.966228553832,2.552211748185747,25178.813338443077
D3,10,0.12297106799280744,36836.92573698876,1356959097.7524247,27821.21814278783,0.4362461810613789,21312.169896933614
C2,15,-0.07060404041292068,25978.766607923786,674896314.4689759,20123.25355683242,0.24551880673354667,17104.653916376825
C5,10,-0.07304729433196111,27945.613183255475,780957296.1881422,21720.241599631547,0.2847758205047795,16089.563106202077
