group,count,r2,rmse,mse,mae,mape,medae
00210,68,0.6579287863206441,9814.423735660946,96322913.26310496,3877.865721611448,0.3775564298631984,888.8901728238963
00275,181,0.6127225871886253,9779.261609628118,95633957.62954631,6634.140666120629,0.4993231682962253,4484.601177895769
00020,164,0.5454268159183682,63707.08127723345,4058592204.8640285,39599.75143835528,0.32399643367383835,22641.569302916138
00100,18,0.4180787423366087,90601.34250743854,8208603264.15019,61437.357622084826,3.2930396707283514,33365.59189890437
00030,111,0.34351920449169393,31261.27648966054,977267407.7630029,23038.94311014456,0.46494216722060216,15050.554505953536
00200,23,-0.8562956412343488,72323.1780845797,5230642088.253831,41786.231806207594,0.682628922999175,15549.30364166986
