group,count,r2,rmse,mse,mae,mape,medae
7,13,0.6229914390249336,22881.8466070373,523578904.14798445,20015.514385865474,0.5417648705157805,18376.33834629561
8,42,0.6107267001027286,12554.376854227285,157612378.19795775,4878.52560666473,0.4029508159055217,887.7439292929943
2,95,0.5635664143002717,70389.38066607533,4954664910.55366,42122.20298649017,0.3254385600854587,26175.51011894665
18,88,0.4607950333782179,10325.229195553868,106610357.94071795,7463.001498081838,0.6062258934719572,5117.444869044251
3,56,-0.039367730089455044,27470.568651548216,754632142.0394236,20220.71247535291,0.3163011228261309,13832.737144430375
