group,count,r2,rmse,mse,mae,mape,medae
00020,90,0.6778182099574415,50871.069033404936,2587865664.601451,38283.002728001404,0.3752001311605859,29662.307585527597
00210,40,0.6140154248689909,12744.607413256446,162425018.11803117,4949.052555644713,0.40892507822275376,1027.89563939234
00275,89,0.32603604432130895,11112.112804064265,123479050.97024897,7349.794963692728,0.6605699049638402,5329.580997099687
00200,13,0.28133342708266385,34553.44989939361,1193940899.949904,25825.224303336006,0.5286300625417207,22285.76571589636
00030,59,-0.2476157174545235,33052.27156537463,1092452655.631272,21775.65574120884,0.3193292632272652,12789.210330643124
