group,count,r2,rmse,mse,mae,mape,medae
8,40,0.6699961729280182,11784.223625370621,138867926.4527431,4626.843587481052,0.37088253418469835,945.8986426223009
2,90,0.5859940021173295,57666.51227461209,3325426637.917987,39717.497453995056,0.37256498826511675,29456.328565662803
18,89,0.37449057893218385,10705.211051246468,114601543.6517295,7284.018741494474,0.6709380702933614,4578.299799878289
7,13,0.36822095839479785,32397.410565763676,1049592211.366656,25582.751018195086,0.5828303606956668,17613.734178498747
3,62,-0.1753490793252559,31498.935772257017,992182954.7847728,21629.66365322358,0.33631058578589934,16725.435807649585
