group,count,r2,rmse,mse,mae,mape,medae
8,140,0.9355769718659841,3259.746250841766,10625945.619876951,1251.3314842687832,0.1865587101119844,427.7603843498871
5,28,0.9038092991905066,51429.77340808444,2645021592.806909,27016.412125156603,0.5329650300512709,12492.456662858469
2,349,0.8985099102039105,26821.546022248105,719395331.0235732,18663.42045345265,0.19000843105962104,13116.735568992313
18,336,0.8606528444633351,5885.748058979209,34642030.21377753,3706.5135081986864,0.22463603309157065,2328.614909538057
3,232,0.8241485082106259,18152.38175956946,329508963.54515,12650.812332593125,0.19555093506244148,8658.577251857256
7,47,0.7932362805585182,95483.61497972888,9117120729.597105,36859.76057290574,0.30173778372107657,6181.680972412301
