{
  "80%": {
    "coverage": 0.7623762376237624,
    "average_width": 124176.28529637393,
    "average_width_pct": 216848.30731790813,
    "target_coverage": 0.8
  },
  "90%": {
    "coverage": 0.8811881188118812,
    "average_width": 160062.47808678096,
    "average_width_pct": 278485.54608335474,
    "target_coverage": 0.9
  }
}