{
  "80%": {
    "coverage": 0.7526408450704225,
    "average_width": 127221.4564409384,
    "average_width_pct": 258957.0107896356,
    "target_coverage": 0.8
  },
  "90%": {
    "coverage": 0.8705985915492958,
    "average_width": 172731.34590744725,
    "average_width_pct": 353132.7316022144,
    "target_coverage": 0.9
  }
}