{
  "80%": {
    "coverage": 0.8052805280528053,
    "average_width": 126803.61873804888,
    "average_width_pct": 219887.90815441572,
    "target_coverage": 0.8
  },
  "90%": {
    "coverage": 0.8910891089108911,
    "average_width": 165623.79260800517,
    "average_width_pct": 287831.9856525916,
    "target_coverage": 0.9
  }
}