{
  "80%": {
    "coverage": 0.8151815181518152,
    "average_width": 126707.70439193034,
    "average_width_pct": 217690.29514608934,
    "target_coverage": 0.8
  },
  "90%": {
    "coverage": 0.8811881188118812,
    "average_width": 162889.07160362107,
    "average_width_pct": 280484.0034331232,
    "target_coverage": 0.9
  }
}