{
  "80%": {
    "coverage": 0.8313953488372093,
    "average_width": 144769.30484088795,
    "average_width_pct": 1278597.1142950773,
    "target_coverage": 0.8
  },
  "90%": {
    "coverage": 0.8953488372093024,
    "average_width": 195477.06872002294,
    "average_width_pct": 1726501.08813874,
    "target_coverage": 0.9
  }
}