{
  "model_key": "lightgbm",
  "prefix": "tree",
  "primary_metric": "neg_mean_absolute_percentage_error",
  "best_primary_value": -0.12408808552547819,
  "best_params": {
    "n_estimators": 628,
    "max_depth": 6,
    "learning_rate": 0.07710845770134261,
    "num_leaves": 40,
    "subsample": 0.7892234671714681,
    "colsample_bytree": 0.730994917162751,
    "reg_alpha": 7.937340225642655,
    "reg_lambda": 1.7118823199429163,
    "min_child_samples": 52,
    "min_split_gain": 0.42521998099229136
  },
  "metrics_train": {
    "r2": 0.9878918081356829,
    "mse": 7.1824679938730736,
    "rmse": 2.6800126853940585,
    "mae": 1.9784043276760759,
    "mape": 0.032302488402975,
    "explained_variance": 0.9878918108285022,
    "medae": 1.498761152431463
  },
  "metrics_test": {
    "r2": 0.8060301580238456,
    "mse": 123.02904928785351,
    "rmse": 11.091846072131252,
    "mae": 8.094481159707087,
    "mape": 0.13225509718928066,
    "explained_variance": 0.8063976351690609,
    "medae": 6.0218911194219515
  },
  "metrics_train_original": {
    "r2": 0.9789886779376215,
    "mse": 74868020.18805444,
    "rmse": 8652.630824671445,
    "mae": 4938.698801199717,
    "mape": 0.10923977797883379,
    "explained_variance": 0.9792256183840671,
    "medae": 2466.673587720081,
    "mape_floor": 0.10676332830105911
  },
  "metrics_test_original": {
    "r2": 0.7559460642807551,
    "mse": 1251853023.6808767,
    "rmse": 35381.535066767196,
    "mae": 21562.472959211067,
    "mape": 0.6555122020229679,
    "explained_variance": 0.7559719910166732,
    "medae": 11111.620153131837,
    "mape_floor": 0.6536083296223978
  },
  "smearing_factor": null,
  "overfit": {
    "gap_r2": 0.1818616501118373,
    "gap_explained_variance": 0.18149417565944126,
    "ratio_rmse": 4.138728944299886,
    "delta_rmse": 8.411833386737193,
    "ratio_mse": 17.129077274385644,
    "delta_mse": 115.84658129398044,
    "ratio_mae": 4.091419052451848,
    "delta_mae": 6.116076832031011,
    "ratio_mape": 4.094269628376376,
    "delta_mape": 0.09995260878630566,
    "ratio_medae": 4.017912467008199,
    "delta_medae": 4.5231299669904885
  }
}