{
  "model_key": "lightgbm",
  "prefix": "tree",
  "primary_metric": "neg_mean_absolute_percentage_error",
  "best_primary_value": -0.037329623576276574,
  "best_params": {
    "n_estimators": 1499,
    "max_depth": 7,
    "learning_rate": 0.09602933794152144,
    "num_leaves": 47,
    "subsample": 0.7636041902974168,
    "colsample_bytree": 0.8365905779919387,
    "reg_alpha": 0.07420951704459924,
    "reg_lambda": 0.016065035592074,
    "min_child_samples": 33,
    "min_split_gain": 0.057221053557877766
  },
  "metrics_train": {
    "r2": 0.8895732407249948,
    "mse": 0.05894455412097497,
    "rmse": 0.24278499566689654,
    "mae": 0.16744421402071263,
    "mape": 0.015552628627245123,
    "explained_variance": 0.8895732412830188,
    "medae": 0.12484661877552572
  },
  "metrics_test": {
    "r2": 0.37302342804419963,
    "mse": 0.31832864834095764,
    "rmse": 0.5642062108316052,
    "mae": 0.37642418143917833,
    "mape": 0.03463009655134929,
    "explained_variance": 0.3779957685992277,
    "medae": 0.2487054430444946
  },
  "metrics_train_original": {
    "r2": 0.8878288499481919,
    "mse": 482058242.6230815,
    "rmse": 21955.824799425813,
    "mae": 13886.76103846404,
    "mape": 0.18790706430929824,
    "explained_variance": 0.8884462168012109,
    "medae": 9200.491472571266,
    "mape_floor": 0.1814185161031508
  },
  "metrics_test_original": {
    "r2": 0.5726380531817831,
    "mse": 3298717894.09779,
    "rmse": 57434.46608176827,
    "mae": 36151.541985834214,
    "mape": 0.7803470176642676,
    "explained_variance": 0.5726944490959209,
    "medae": 22358.057445944018,
    "mape_floor": 0.7803470176642676
  },
  "smearing_factor": 1.0274861693160227,
  "overfit": {
    "gap_r2": 0.5165498126807951,
    "gap_explained_variance": 0.5115774726837912,
    "ratio_rmse": 2.323892418812,
    "delta_rmse": 0.3214212151647086,
    "ratio_mse": 5.400475974211888,
    "delta_mse": 0.25938409421998265,
    "ratio_mae": 2.2480572627765754,
    "delta_mae": 0.2089799674184657,
    "ratio_mape": 2.226639456347863,
    "delta_mape": 0.01907746792410417,
    "ratio_medae": 1.9920879354503553,
    "delta_medae": 0.12385882426896888
  }
}