{
  "model_key": "lightgbm",
  "prefix": "tree",
  "primary_metric": "neg_root_mean_squared_error",
  "best_primary_value": -7.827004919391969,
  "best_params": {
    "n_estimators": 330,
    "max_depth": -1,
    "learning_rate": 0.030205486157832993,
    "num_leaves": 42,
    "subsample": 0.8259769722170698,
    "colsample_bytree": 0.6423178568659738,
    "reg_alpha": 2.81915756404231,
    "reg_lambda": 0.8816756951404153,
    "min_child_samples": 26,
    "min_split_gain": 0.20594242562279652
  },
  "metrics_train": {
    "r2": 0.9652834464643225,
    "mse": 11.494387336037962,
    "rmse": 3.3903373484120958,
    "mae": 2.4671908217488054,
    "mape": 0.04961736393036939,
    "explained_variance": 0.9652834482079236,
    "medae": 1.8276858433441063
  },
  "metrics_test": {
    "r2": 0.9602185760470291,
    "mse": 15.336728939068257,
    "rmse": 3.916213597222227,
    "mae": 2.83246945569863,
    "mape": 0.05487915410159088,
    "explained_variance": 0.9602271690271155,
    "medae": 2.088857823994026
  },
  "metrics_train_original": {
    "r2": 0.9281714000763287,
    "mse": 299811636.97784567,
    "rmse": 17315.069649812143,
    "mae": 8650.549795667068,
    "mape": 0.1936805305116329,
    "explained_variance": 0.929169897252227,
    "medae": 4212.928523756142,
    "mape_floor": 0.1887932581429034
  },
  "metrics_test_original": {
    "r2": 0.9023873343749828,
    "mse": 747625628.419307,
    "rmse": 27342.74361543309,
    "mae": 11873.83737096204,
    "mape": 0.22197876570410016,
    "explained_variance": 0.9039544775391575,
    "medae": 5109.566857988253,
    "mape_floor": 0.21396726785868925
  },
  "smearing_factor": null,
  "overfit": {
    "gap_r2": 0.005064870417293421,
    "gap_explained_variance": 0.005056279180808088,
    "ratio_rmse": 1.1551103016507875,
    "delta_rmse": 0.5258762488101314,
    "ratio_mse": 1.3342798089797734,
    "delta_mse": 3.8423416030302953,
    "ratio_mae": 1.1480544718024308,
    "delta_mae": 0.3652786339498246,
    "ratio_mape": 1.1060473542811673,
    "delta_mape": 0.005261790171221491,
    "ratio_medae": 1.1428976328733031,
    "delta_medae": 0.26117198064991953
  }
}