{
  "model_key": "lightgbm",
  "prefix": "tree",
  "primary_metric": "neg_mean_absolute_percentage_error",
  "best_primary_value": -0.13035825331145698,
  "best_params": {
    "n_estimators": 837,
    "max_depth": 5,
    "learning_rate": 0.0705427014260977,
    "num_leaves": 38,
    "subsample": 0.769579995762217,
    "colsample_bytree": 0.8343748470046234,
    "reg_alpha": 0.17331598058558695,
    "reg_lambda": 2.4658447214487373,
    "min_child_samples": 56,
    "min_split_gain": 0.16266516538163217
  },
  "metrics_train": {
    "r2": 0.9839877955821918,
    "mse": 9.543052102822186,
    "rmse": 3.0891830801721976,
    "mae": 2.2769469192301015,
    "mape": 0.0370400628218025,
    "explained_variance": 0.9839877955840328,
    "medae": 1.6936031895160113
  },
  "metrics_test": {
    "r2": 0.8005055019096584,
    "mse": 125.4765857486197,
    "rmse": 11.201633173275212,
    "mae": 8.166519943241521,
    "mape": 0.13470138715486243,
    "explained_variance": 0.8006878889149529,
    "medae": 6.213204780199355
  },
  "metrics_train_original": {
    "r2": 0.9732607296968865,
    "mse": 95826192.59588471,
    "rmse": 9789.085380968168,
    "mae": 5679.140747328445,
    "mape": 0.1259077572433754,
    "explained_variance": 0.9735757419600148,
    "medae": 2822.0517687626743,
    "mape_floor": 0.12303741638808777
  },
  "metrics_test_original": {
    "r2": 0.7572961185484735,
    "mse": 1220668833.314194,
    "rmse": 34938.07140232835,
    "mae": 21547.31780454693,
    "mape": 0.689133080963657,
    "explained_variance": 0.7572966028965389,
    "medae": 11395.62812734552,
    "mape_floor": 0.6866796409176429
  },
  "smearing_factor": null,
  "overfit": {
    "gap_r2": 0.18348229367253344,
    "gap_explained_variance": 0.18329990666907992,
    "ratio_rmse": 3.626082651161876,
    "delta_rmse": 8.112450093103014,
    "ratio_mse": 13.14847539305714,
    "delta_mse": 115.93353364579751,
    "ratio_mae": 3.5866097159624815,
    "delta_mae": 5.88957302401142,
    "ratio_mape": 3.6366403535248484,
    "delta_mape": 0.09766132433305993,
    "ratio_medae": 3.668630774115943,
    "delta_medae": 4.519601590683344
  }
}