{
  "model_key": "lightgbm",
  "prefix": "tree",
  "primary_metric": "neg_mean_absolute_percentage_error",
  "best_primary_value": -0.13375128562162011,
  "best_params": {
    "n_estimators": 1015,
    "max_depth": 6,
    "learning_rate": 0.019284644431790066,
    "num_leaves": 17,
    "subsample": 0.771320249660943,
    "colsample_bytree": 0.686534164498836,
    "reg_alpha": 10.833570933795194,
    "reg_lambda": 1.1164792175696465,
    "min_child_samples": 64,
    "min_split_gain": 0.2308964021658223
  },
  "metrics_train": {
    "r2": 0.9626241063110084,
    "mse": 21.462631528120422,
    "rmse": 4.632777949364768,
    "mae": 3.395033078136353,
    "mape": 0.05580377764991716,
    "explained_variance": 0.9626241063297053,
    "medae": 2.5566697503637315
  },
  "metrics_test": {
    "r2": 0.8367890441330025,
    "mse": 106.67320620090169,
    "rmse": 10.328272178873952,
    "mae": 7.699711579978508,
    "mape": 0.12498223552091416,
    "explained_variance": 0.8368241117198968,
    "medae": 5.752091569034647
  },
  "metrics_train_original": {
    "r2": 0.9273672166617994,
    "mse": 246533400.6578036,
    "rmse": 15701.382125717582,
    "mae": 8722.806751301992,
    "mape": 0.20166014038897837,
    "explained_variance": 0.9283051611562663,
    "medae": 4421.952111723891,
    "mape_floor": 0.1956297808832738
  },
  "metrics_test_original": {
    "r2": 0.7139581728084444,
    "mse": 1871683794.9251351,
    "rmse": 43262.96100505761,
    "mae": 22307.460908340672,
    "mape": 0.6064215647408787,
    "explained_variance": 0.7172532906389495,
    "medae": 11219.635243811927,
    "mape_floor": 0.6063383014512729
  },
  "smearing_factor": null,
  "overfit": {
    "gap_r2": 0.12583506217800589,
    "gap_explained_variance": 0.1257999946098085,
    "ratio_rmse": 2.2293907223181573,
    "delta_rmse": 5.695494229509184,
    "ratio_mse": 4.970182992758276,
    "delta_mse": 85.21057467278126,
    "ratio_mae": 2.267934185844556,
    "delta_mae": 4.3046785018421545,
    "ratio_mape": 2.2396733838519927,
    "delta_mape": 0.069178457870997,
    "ratio_medae": 2.2498375350263013,
    "delta_medae": 3.1954218186709156
  }
}