{
  "model_key": "lightgbm",
  "prefix": "tree",
  "primary_metric": "neg_mean_absolute_percentage_error",
  "best_primary_value": -0.04046582159557406,
  "best_params": {
    "n_estimators": 1422,
    "max_depth": 5,
    "learning_rate": 0.0388086750996365,
    "num_leaves": 61,
    "subsample": 0.8733624251043489,
    "colsample_bytree": 0.7952771536093741,
    "reg_alpha": 0.00016558790335404752,
    "reg_lambda": 0.0042108181274639455,
    "min_child_samples": 28,
    "min_split_gain": 0.43546922055261394
  },
  "metrics_train": {
    "r2": 0.9362241413393392,
    "mse": 0.12236144594189802,
    "rmse": 0.3498020096310169,
    "mae": 0.24850059764070453,
    "mape": 0.025168441312997447,
    "explained_variance": 0.9362241413394371,
    "medae": 0.18446269155758666
  },
  "metrics_test": {
    "r2": 0.8442304095817849,
    "mse": 0.292540736012319,
    "rmse": 0.540870350465173,
    "mae": 0.3966969766737507,
    "mape": 0.040024791083246566,
    "explained_variance": 0.845320348372846,
    "medae": 0.3223445953754833
  },
  "metrics_train_original": {
    "r2": 0.8364248694957024,
    "mse": 623885447.6475353,
    "rmse": 24977.699006264276,
    "mae": 13102.656913639641,
    "mape": 0.3036134998229949,
    "explained_variance": 0.8369813855804076,
    "medae": 6414.985837173997,
    "mape_floor": 0.29104932141219025
  },
  "metrics_test_original": {
    "r2": 0.6861050587602462,
    "mse": 1610096268.8885283,
    "rmse": 40126.0048956849,
    "mae": 22867.651607229753,
    "mape": 0.663597075535459,
    "explained_variance": 0.6867054762608438,
    "medae": 10534.525260501323,
    "mape_floor": 0.6605514728711489
  },
  "smearing_factor": 1.058053728576524,
  "overfit": {
    "gap_r2": 0.09199373175755432,
    "gap_explained_variance": 0.09090379296659112,
    "ratio_rmse": 1.54621853383776,
    "delta_rmse": 0.19106834083415608,
    "ratio_mse": 2.3907917543833923,
    "delta_mse": 0.17017929007042099,
    "ratio_mae": 1.5963622640751811,
    "delta_mae": 0.14819637903304617,
    "ratio_mape": 1.5902769100991974,
    "delta_mape": 0.01485634977024912,
    "ratio_medae": 1.7474785424284665,
    "delta_medae": 0.13788190381789667
  }
}