group,count,r2,rmse,mse,mae,mape,medae
00210,40,0.6738077653666137,11715.971218990031,137263981.60420275,4676.973233358707,0.3296527456680292,913.22097743157
00020,92,0.6207586797865506,55235.77576812578,3050990924.706671,37642.56284677262,0.3399222472809564,26997.51132555814
00275,87,0.4756004621597485,9833.851819414956,96704641.60621086,6978.640921702807,0.5835094012751635,4673.2486214916025
00200,13,0.15275502188921652,37517.3533799913,1407551804.6391444,26906.851422250642,0.513763028556336,15886.216762347169
00030,59,-0.15334456558630016,31779.01489063711,1009905787.4193352,21924.746053438303,0.3116117433392373,15725.209765246742
