group,count,r2,rmse,mse,mae,mape,medae
00210,68,0.7144289000042925,8967.340641145667,80413198.17434278,3687.5093686638356,0.3876613173770646,866.6033475010172
00275,181,0.6004385149488536,9933.145325934558,98667376.06613557,6597.4729074444285,0.43895997516055657,4674.47354009296
00020,164,0.5951752917215176,60120.04652496464,3614419994.163913,39091.85470055046,0.3238714192188731,26349.993194620743
00100,18,0.3692481245652073,94326.08231455488,8897409804.812183,65687.27443107475,3.346936022639744,39365.29492314967
00030,111,0.2983925596543824,32317.87431197115,1044445000.0443648,22256.96880854967,0.4386136997780266,15435.414654005173
00200,23,-1.1124523356619718,77152.03555179869,5952436589.786008,40298.506291578626,0.558856741014689,17722.253338702296
