group,count,r2,rmse,mse,mae,mape,medae
5,28,0.9656994669141454,30711.32128135454,943185254.8465803,19423.833575934605,0.25642978074187,9049.68485834798
8,140,0.9508898733032313,2846.090820187463,8100232.956755347,1022.010678860732,0.13950871959599986,292.0122092565358
2,349,0.9320613900453943,21944.733822484017,481571342.539674,16023.750486324712,0.16288685255231947,11694.13021689032
7,47,0.9198319248345214,59455.55165530978,3534962622.637209,24662.88628284615,0.19204706046314987,4848.760003882315
18,336,0.8888260493402718,5257.195573524769,27638105.298288424,3317.864421388592,0.1932767295968631,2008.9346703046099
3,232,0.8363781470829936,17509.80225016271,306593174.83980304,12009.698601652022,0.17790522961854116,8695.74649074328
