group,count,r2,rmse,mse,mae,mape,medae
C3,18,0.9996331882405078,612.9403508694279,375695.87372393743,512.5546551853937,0.01938246661631342,588.336706813845
C4,54,0.9994478173630514,1370.6834646266134,1878773.1602008166,937.89208730572,0.019859311582488222,557.3430763519864
D2,29,0.9989678096318344,2195.6654250929055,4820946.65894841,1089.1064113365592,0.014989887938044382,452.92441586629866
D3,26,0.9985815874038857,1443.57044394552,2083895.6266330658,676.1683523136409,0.027066556056101223,275.90729440526957
D1,22,0.9983556777620338,1338.143246370034,1790627.3478057333,819.6581494197418,0.02168291108132944,503.73430748757073
C5,24,0.9979777365328815,1691.1822229752054,2860097.311307357,847.6656070601447,0.03002970044153207,513.2288719232038
C2,26,0.9977112474299716,2073.8895048680993,4301017.67840205,992.1837235001326,0.01697856895906789,205.9322480716819
B1,97,0.9928927895279552,7823.547923638039,61207902.11346107,2189.297071641338,0.017424371085991222,586.6657125679194
