group,count,r2,rmse,mse,mae,mape,medae
D2,29,0.8616193624650559,25809.684706244323,666139824.6357422,15469.11616866919,0.3147400714100035,6207.437079168598
C2,26,0.8169904200863711,18544.84054182278,343911110.72163385,12401.349974791421,0.29906611712964737,6801.419863449939
B1,97,0.746923158067603,46685.32236850035,2179519324.650799,29733.101493109938,0.42171898219295995,17306.24507192457
C5,24,0.6874954398801041,21023.243293301013,441976758.5693261,13052.605243548285,0.3186581719201452,6110.460400466174
C4,54,0.6566859279026775,30885.184615085695,953894628.707926,20240.102037103854,1.3646307291896613,12066.171695343313
D3,26,0.6420666558821835,22931.78022715979,525866544.3867568,13103.81378761637,0.4911137323571407,5892.4135497841935
D1,22,0.5589781799145545,21914.884193738384,480262149.2249645,13761.182870547946,0.46955312713268943,7291.250016754957
C3,18,0.2665767438360628,27407.78419169301,751186634.2984171,19493.17747614057,1.1147934546717477,14324.801627618972
