group,count,r2,rmse,mse,mae,mape,medae
00020,93,0.5961154647591855,67122.1581023727,4505384108.319919,40536.34714320949,0.33716214270905953,28338.152366756578
00200,11,0.20121711526738395,38955.07235105644,1517497661.876042,26631.990479264572,0.483855318824205,16503.82492688111
00030,57,-0.049082882049462206,30446.75505702756,927004893.5026333,21010.609113232997,0.3077017658574472,15364.726855389687
