group,count,r2,rmse,mse,mae,mape,medae
8,40,0.6738077653666137,11715.971218990031,137263981.60420275,4676.973233358707,0.3296527456680292,913.22097743157
2,92,0.6207586797865506,55235.77576812578,3050990924.706671,37642.56284677262,0.3399222472809564,26997.51132555814
18,87,0.4756004621597485,9833.851819414956,96704641.60621086,6978.640921702807,0.5835094012751635,4673.2486214916025
7,13,0.15275502188921652,37517.3533799913,1407551804.6391444,26906.851422250642,0.513763028556336,15886.216762347169
3,62,-0.20760858252012104,31928.281265620066,1019415144.5765452,22274.431631069983,0.31623180647316823,17005.95661033452
