group,count,r2,rmse,mse,mae,mape,medae
2,93,0.5961154647591855,67122.1581023727,4505384108.319919,40536.34714320949,0.33716214270905953,28338.152366756578
7,11,0.20121711526738395,38955.07235105644,1517497661.876042,26631.990479264572,0.483855318824205,16503.82492688111
3,59,-0.050064772178887385,30118.334265127844,907114058.9059739,20770.216310690517,0.3045159815624003,15364.726855389687
