group,count,r2,rmse,mse,mae,mape,medae
D2,29,0.8960513852119752,22034.115175896884,485502231.5846894,16768.840756788115,0.33272370397270623,11631.653803161054
C2,26,0.7922379657598193,19759.19675411936,390425856.368001,13171.891039209715,0.2970529880387672,6772.208112990869
B1,97,0.7339209550469991,47869.566582963125,2291495404.84074,27887.05441328578,0.3791205668161846,15556.95042079817
C4,54,0.660439831439375,33990.235274750514,1155336094.0328944,22815.03202276547,1.3143864216719496,9765.567078704473
C5,24,0.6589452050002627,21962.59315761092,482355498.20673805,13961.014042515773,0.35949401262117026,6508.771024351744
D3,26,0.6388477497277664,23034.662559917913,530595679.2492841,13478.121539985483,0.4651068374202677,5567.591719904312
D1,22,0.529023779993032,22646.893162420718,512881769.91009825,12100.571631886422,0.4144281847591309,5408.5662014265945
C3,18,-0.13740405134733757,34131.38981950801,1164951771.011215,22666.315061318586,0.9985565356968369,12452.514685542392
