group,count,r2,rmse,mse,mae,mape,medae
D2,17,0.7502765287777742,30770.305097936238,946811675.8200808,22835.102005023306,0.2747509345763889,21732.88885445833
B1,63,0.6106435824870682,76096.01806773868,5790603965.765613,46179.18499368126,0.3968517880679591,28338.152366756578
C4,28,0.2357302925347452,39592.49318096346,1567565516.284638,29086.190955356204,2.4166211968414637,21984.506319378175
D1,15,0.1304770833364285,28584.605628248162,817079678.9224764,20446.928078007415,0.44651274082935816,10794.748515734485
C2,15,0.017191253061690337,24890.7851279045,619551184.2835118,19689.304030491698,0.24825489937638626,12158.422982757402
D3,10,-0.03747073288570357,40064.92604239616,1605198298.782674,29824.858827656473,0.4579649954803979,24256.92677444428
C5,10,-0.14054138135067484,28811.093042870125,830079082.3249193,23347.139159558377,0.30351455682525724,21262.684815966888
