group,count,r2,rmse,mse,mae,mape,medae
00100,28,0.9656994669141454,30711.32128135454,943185254.8465803,19423.833575934605,0.25642978074187,9049.68485834798
00210,140,0.9508898733032313,2846.090820187463,8100232.956755347,1022.010678860732,0.13950871959599986,292.0122092565358
00020,349,0.9320613900453943,21944.733822484017,481571342.539674,16023.750486324712,0.16288685255231947,11694.13021689032
00200,47,0.9198319248345214,59455.55165530978,3534962622.637209,24662.88628284615,0.19204706046314987,4848.760003882315
00275,336,0.8888260493402718,5257.195573524769,27638105.298288424,3317.864421388592,0.1932767295968631,2008.9346703046099
00030,221,0.8319589743850991,17786.910295513608,316374177.86064804,12312.650890528552,0.17955416935864643,8874.518845762468
00040,10,0.753560804951364,11004.06050607679,121089347.62139897,6498.166163852826,0.141997470530956,2382.8212574002882
