{
  "type": "voting",
  "members": [
    "gbr",
    "xgboost",
    "catboost"
  ],
  "metrics_train": {
    "r2": 0.9596859734045606,
    "mse": 11.974722040058118,
    "rmse": 3.460451132447635,
    "mae": 2.5367688633132732,
    "mape": 0.052341524065074925,
    "explained_variance": 0.9596859734051705,
    "medae": 1.9094459048387975
  },
  "metrics_test": {
    "r2": 0.8505768997382985,
    "mse": 50.041264805006065,
    "rmse": 7.073985072433081,
    "mae": 5.190087431062273,
    "mape": 0.1031951143645583,
    "explained_variance": 0.8507626224442906,
    "medae": 3.9300809063515203
  },
  "metrics_train_original": {
    "r2": 0.9269918128896328,
    "mse": 304454413.04780805,
    "rmse": 17448.622095965286,
    "mae": 9281.252572618072,
    "mape": 0.20605824566952402,
    "explained_variance": 0.9280242154152011,
    "medae": 4474.746665292398
  },
  "metrics_test_original": {
    "r2": 0.6873615200497772,
    "mse": 1845650305.9789965,
    "rmse": 42961.0324128622,
    "mae": 22231.443091312576,
    "mape": 0.4974804151586217,
    "explained_variance": 0.6886059603697052,
    "medae": 10090.110730412722,
    "mape_floor": 0.49643501050148137
  },
  "overfit": {
    "gap_r2": 0.1091090736662621,
    "gap_explained_variance": 0.1089233509608799,
    "ratio_rmse": 2.0442378180412373,
    "delta_rmse": 3.6135339399854463,
    "ratio_mse": 4.178908256709998,
    "delta_mse": 38.06654276494795,
    "ratio_mae": 2.0459441560172342,
    "delta_mae": 2.653318567749,
    "ratio_mape": 1.971572593802549,
    "delta_mape": 0.05085359029948338,
    "ratio_medae": 2.0582310797033614,
    "delta_medae": 2.020635001512723
  }
}