{
  "type": "voting",
  "members": [
    "hgbt",
    "gbr",
    "xgboost",
    "lightgbm",
    "catboost"
  ],
  "metrics_train": {
    "r2": 0.9808666183325364,
    "mse": 11.34974593903707,
    "rmse": 3.3689383994126505,
    "mae": 2.4809282844557212,
    "mape": 0.040281384934361876,
    "explained_variance": 0.9808666368639488,
    "medae": 1.8346979094131513
  },
  "metrics_test": {
    "r2": 0.8275650289467914,
    "mse": 109.37014917640025,
    "rmse": 10.458018415378712,
    "mae": 7.611695266069309,
    "mape": 0.12143693983586316,
    "explained_variance": 0.8277412279038882,
    "medae": 5.359712316918589
  },
  "metrics_train_original": {
    "r2": 0.9658466307330658,
    "mse": 121696061.39850132,
    "rmse": 11031.593783243712,
    "mae": 6247.322193303972,
    "mape": 0.13927751603807792,
    "explained_variance": 0.9663304413868544,
    "medae": 3156.7436883329647
  },
  "metrics_test_original": {
    "r2": 0.7625990991141741,
    "mse": 1217726871.409147,
    "rmse": 34895.943480713446,
    "mae": 20962.134808210645,
    "mape": 0.5864837794373312,
    "explained_variance": 0.7628497132271455,
    "medae": 10793.830301699374,
    "mape_floor": 0.5863836447746169
  },
  "overfit": {
    "gap_r2": 0.153301589385745,
    "gap_explained_variance": 0.15312540896006066,
    "ratio_rmse": 3.104247444002535,
    "delta_rmse": 7.089080015966061,
    "ratio_mse": 9.636352193596272,
    "delta_mse": 98.02040323736318,
    "ratio_mae": 3.0680835531443833,
    "delta_mae": 5.130766981613588,
    "ratio_mape": 3.014716103573486,
    "delta_mape": 0.08115555490150128,
    "ratio_medae": 2.9213050766667923,
    "delta_medae": 3.525014407505438
  }
}