{
  "type": "voting",
  "members": [
    "hgbt",
    "gbr",
    "xgboost",
    "catboost",
    "lightgbm"
  ],
  "profile": "tree",
  "metrics_train": {
    "r2": 0.9789201266223642,
    "mse": 12.563312627956668,
    "rmse": 3.5444763545489577,
    "mae": 2.6125412543917177,
    "mape": 0.042116905080131925,
    "explained_variance": 0.9789201278965447,
    "medae": 1.9247307028374294
  },
  "metrics_test": {
    "r2": 0.8266600711125269,
    "mse": 109.026076703424,
    "rmse": 10.441555281825787,
    "mae": 7.649490299479834,
    "mape": 0.12377221340155131,
    "explained_variance": 0.82700430823895,
    "medae": 5.502957142286888
  },
  "metrics_train_original": {
    "r2": 0.9627844226074209,
    "mse": 133370396.66236104,
    "rmse": 11548.610161502596,
    "mae": 6608.604905833149,
    "mape": 0.1455756728910773,
    "explained_variance": 0.9633322121962918,
    "medae": 3397.288774909208
  },
  "metrics_test_original": {
    "r2": 0.7630908794419267,
    "mse": 1191524330.2397385,
    "rmse": 34518.46361354657,
    "mae": 20663.103151774932,
    "mape": 0.6110490160060981,
    "explained_variance": 0.7632256991787388,
    "medae": 10684.097275924658,
    "mape_floor": 0.6098520663496121
  },
  "overfit": {
    "gap_r2": 0.15226005550983723,
    "gap_explained_variance": 0.1519158196575947,
    "ratio_rmse": 2.9458668185006123,
    "delta_rmse": 6.897078927276829,
    "ratio_mse": 8.678131312342922,
    "delta_mse": 96.46276407546733,
    "ratio_mae": 2.9279883280774746,
    "delta_mae": 5.036949045088116,
    "ratio_mape": 2.938777509080057,
    "delta_mape": 0.08165530832141939,
    "ratio_medae": 2.859079004753472,
    "delta_medae": 3.578226439449459
  }
}