{
  "type": "voting",
  "members": [
    "xgboost",
    "gbr",
    "catboost"
  ],
  "metrics_train": {
    "r2": 0.9743349577592252,
    "mse": 8.497500657951894,
    "rmse": 2.915047282284096,
    "mae": 2.152808927484174,
    "mape": 0.04254817307731312,
    "explained_variance": 0.9743349588388326,
    "medae": 1.6222844387257283
  },
  "metrics_test": {
    "r2": 0.9711309259415521,
    "mse": 11.129746488706001,
    "rmse": 3.3361274688935376,
    "mae": 2.44365999192577,
    "mape": 0.04619500516349962,
    "explained_variance": 0.971136557940171,
    "medae": 1.8426656834735056
  },
  "metrics_train_original": {
    "r2": 0.9559389056893216,
    "mse": 183910431.58793798,
    "rmse": 13561.358028897326,
    "mae": 7471.339123945397,
    "mape": 0.16062725752388934,
    "explained_variance": 0.9566395965838487,
    "medae": 3779.446855463895
  },
  "metrics_test_original": {
    "r2": 0.9489659176317979,
    "mse": 390875381.35574836,
    "rmse": 19770.568564301542,
    "mae": 10046.211187963394,
    "mape": 0.17820347702313102,
    "explained_variance": 0.9499673551437489,
    "medae": 4532.400783732221,
    "mape_floor": 0.17533496610830998
  },
  "overfit": {
    "gap_r2": 0.0032040318176730365,
    "gap_explained_variance": 0.0031984008986616352,
    "ratio_rmse": 1.1444505511689342,
    "delta_rmse": 0.4210801866094416,
    "ratio_mse": 1.3097670640708774,
    "delta_mse": 2.6322458307541066,
    "ratio_mae": 1.1351030557001136,
    "delta_mae": 0.29085106444159603,
    "ratio_mape": 1.0857106621137396,
    "delta_mape": 0.003646832086186498,
    "ratio_medae": 1.1358462421798747,
    "delta_medae": 0.22038124474777732
  }
}