{
  "type": "voting",
  "members": [
    "gbr",
    "xgboost",
    "hgbt"
  ],
  "metrics_train": {
    "r2": 0.9774415170040449,
    "mse": 0.0432810887318311,
    "rmse": 0.20804107462669746,
    "mae": 0.15462710937030857,
    "mape": 0.015453716092381522,
    "explained_variance": 0.9774415175641121,
    "medae": 0.11676146308461721
  },
  "metrics_test": {
    "r2": 0.8425591465775134,
    "mse": 0.29567942635635264,
    "rmse": 0.5437641275004749,
    "mae": 0.3940701244459556,
    "mape": 0.03947247150746657,
    "explained_variance": 0.8427186257812227,
    "medae": 0.3089743357585242
  },
  "metrics_train_original": {
    "r2": 0.9459478433044275,
    "mse": 206158196.98487717,
    "rmse": 14358.210089871132,
    "mae": 8186.488488290214,
    "mape": 0.1629004387694854,
    "explained_variance": 0.9462711493417942,
    "medae": 3809.5807258294335
  },
  "metrics_test_original": {
    "r2": 0.7434492437432296,
    "mse": 1315954356.56942,
    "rmse": 36276.0851880329,
    "mae": 21120.482206042947,
    "mape": 0.5908058747795338,
    "explained_variance": 0.7446070281165522,
    "medae": 10113.1811543642,
    "mape_floor": 0.5905771821389266
  },
  "overfit": {
    "gap_r2": 0.1348823704265315,
    "gap_explained_variance": 0.13472289178288943,
    "ratio_rmse": 2.6137344679467196,
    "delta_rmse": 0.3357230528737774,
    "ratio_mse": 6.83160786893272,
    "delta_mse": 0.2523983376245215,
    "ratio_mae": 2.5485189890099877,
    "delta_mae": 0.23944301507564705,
    "ratio_mape": 2.554238169738732,
    "delta_mape": 0.02401875541508505,
    "ratio_medae": 2.6462013030327483,
    "delta_medae": 0.19221287267390696
  }
}