{
  "type": "voting",
  "members": [
    "xgboost",
    "gbr",
    "catboost"
  ],
  "metrics_train": {
    "r2": 0.9328757358287159,
    "mse": 0.035830172398896507,
    "rmse": 0.18928859553310787,
    "mae": 0.14700288066922,
    "mape": 0.013271937228140185,
    "explained_variance": 0.9328757457139177,
    "medae": 0.119811514981218
  },
  "metrics_test": {
    "r2": 0.4193053637740656,
    "mse": 0.2948303763121745,
    "rmse": 0.5429828508453785,
    "mae": 0.3570622708487278,
    "mape": 0.03291632235098642,
    "explained_variance": 0.4218440328947005,
    "medae": 0.2728134987849753
  },
  "metrics_train_original": {
    "r2": 0.916545377917599,
    "mse": 358648265.9867064,
    "rmse": 18938.011141265768,
    "mae": 12821.3958411597,
    "mape": 0.15281618138830777,
    "explained_variance": 0.9177800537941738,
    "medae": 8892.590003497568
  },
  "metrics_test_original": {
    "r2": 0.6140415768060912,
    "mse": 2979132715.129338,
    "rmse": 54581.431962979295,
    "mae": 33535.98613865827,
    "mape": 0.7232839350872978,
    "explained_variance": 0.6160438107047683,
    "medae": 21192.531334894364,
    "mape_floor": 0.7232839350872978
  },
  "overfit": {
    "gap_r2": 0.5135703720546503,
    "gap_explained_variance": 0.5110317128192172,
    "ratio_rmse": 2.868544981889345,
    "delta_rmse": 0.3536942553122706,
    "ratio_mse": 8.228550313122541,
    "delta_mse": 0.259000203913278,
    "ratio_mae": 2.4289474411877348,
    "delta_mae": 0.21005939017950784,
    "ratio_mape": 2.480144517350089,
    "delta_mape": 0.019644385122846234,
    "ratio_medae": 2.2770223615630125,
    "delta_medae": 0.1530019838037573
  }
}