{
  "model_key": "linear",
  "prefix": "scaled",
  "primary_metric": "neg_root_mean_squared_error",
  "best_primary_value": -0.7035080446842455,
  "best_params": {},
  "metrics_train": {
    "r2": 0.8524934950244833,
    "mse": 0.2729909143037353,
    "rmse": 0.5224853244864733,
    "mae": 0.3799019826077414,
    "mape": 0.039074091565254154,
    "explained_variance": 0.8524934950244833,
    "medae": 0.29634090362305443
  },
  "metrics_test": {
    "r2": 0.8115478482549274,
    "mse": 0.37213233860953415,
    "rmse": 0.6100265064810989,
    "mae": 0.45771833823262836,
    "mape": 0.04625703444329352,
    "explained_variance": 0.8123377325505587,
    "medae": 0.34743862591406494
  },
  "metrics_train_original": {
    "r2": 0.580872070603969,
    "mse": 1731745541.3772,
    "rmse": 41614.2468558209,
    "mae": 20670.255059428713,
    "mape": 0.577320482252952,
    "explained_variance": 0.5841759403577813,
    "medae": 9524.933830661059,
    "mape_floor": 0.5477532192590319
  },
  "metrics_test_original": {
    "r2": 0.5444655772685542,
    "mse": 2809510898.5009875,
    "rmse": 53004.81957804391,
    "mae": 27433.861491591837,
    "mape": 0.6254924014638251,
    "explained_variance": 0.5464101858908772,
    "medae": 13026.741836576788,
    "mape_floor": 0.6088064485568223
  },
  "smearing_factor": 1.1328409786045937,
  "overfit": {
    "gap_r2": 0.04094564676955592,
    "gap_explained_variance": 0.040155762473924606,
    "ratio_rmse": 1.167547637975604,
    "delta_rmse": 0.08754118199462557,
    "ratio_mse": 1.363167486942412,
    "delta_mse": 0.09914142430579886,
    "ratio_mae": 1.20483271787827,
    "delta_mae": 0.07781635562488698,
    "ratio_mape": 1.1838287875751066,
    "delta_mape": 0.007182942878039368,
    "ratio_medae": 1.1724288536151823,
    "delta_medae": 0.051097722291010506
  }
}