{
  "model_key": "dt",
  "prefix": "tree",
  "primary_metric": "neg_root_mean_squared_error",
  "best_primary_value": -0.5403084673943903,
  "best_params": {
    "max_depth": 9,
    "min_samples_split": 5,
    "min_samples_leaf": 14,
    "max_features": null,
    "min_impurity_decrease": 0.0002054092785340132
  },
  "metrics_train": {
    "r2": 0.9086358482943134,
    "mse": 0.16908802301878414,
    "rmse": 0.41120314081823856,
    "mae": 0.2942649311440602,
    "mape": 0.029590635414975947,
    "explained_variance": 0.9086358482943134,
    "medae": 0.22577120268018724
  },
  "metrics_test": {
    "r2": 0.8252319092191824,
    "mse": 0.3451107229837694,
    "rmse": 0.5874612523254358,
    "mae": 0.4506092283602087,
    "mape": 0.045000102694354366,
    "explained_variance": 0.8305638867953534,
    "medae": 0.3815010086103756
  },
  "metrics_train_original": {
    "r2": 0.7390828445798936,
    "mse": 1078052997.3717134,
    "rmse": 32833.71738581718,
    "mae": 16224.77812132051,
    "mape": 0.38568373206680406,
    "explained_variance": 0.7391303036735901,
    "medae": 7634.718085983433,
    "mape_floor": 0.3733417041352096
  },
  "metrics_test_original": {
    "r2": 0.5361298138307729,
    "mse": 2860921762.438222,
    "rmse": 53487.58512438398,
    "mae": 26775.46697159649,
    "mape": 0.5497490167888706,
    "explained_variance": 0.5407143884511039,
    "medae": 11487.344004092844,
    "mape_floor": 0.543159143310601
  },
  "smearing_factor": 1.0827719682777683,
  "overfit": {
    "gap_r2": 0.083403939075131,
    "gap_explained_variance": 0.07807196149896001,
    "ratio_rmse": 1.428639993256052,
    "delta_rmse": 0.17625811150719722,
    "ratio_mse": 2.0410122303306526,
    "delta_mse": 0.17602269996498524,
    "ratio_mae": 1.5313045513384966,
    "delta_mae": 0.1563442972161485,
    "ratio_mape": 1.5207548625866825,
    "delta_mape": 0.01540946727937842,
    "ratio_medae": 1.6897682436089294,
    "delta_medae": 0.15572980593018837
  }
}