group,count,r2,rmse,mse,mae,mape,medae
D2,29,0.8628814824669448,25306.630070623945,640425525.5314081,18261.28803108166,0.3922490711385773,15848.588100379086
C2,26,0.8119079962603496,18800.58477590779,353461987.91609585,11756.049548453942,0.2565279034043243,5853.01441364787
C5,24,0.6838239361360237,21146.37994156358,447169384.63296247,13569.979778175146,0.3526954944113458,7376.594474053247
B1,97,0.6509246447889226,54829.43278930995,3006266699.9974566,30380.470964996788,0.39757358670098697,15437.185332283887
C4,54,0.6451547494427523,34746.83875116787,1207342803.1996608,21614.46283909694,1.4702850553083153,9637.439949421683
D1,22,0.5362520280738987,22472.436042677233,505010381.69221884,13226.48113414906,0.44447848155905995,7243.234337328677
D3,26,0.4808778394266282,27616.680545249874,762681044.3383828,15226.974600650245,0.4921930833555515,5693.781684553639
C3,18,-0.32261130444349595,36805.498368570414,1354644710.1588395,22271.168105497913,0.6891494874772851,12022.575894542937
