group,count,r2,rmse,mse,mae,mape,medae
C2,26,0.788000444760002,19959.684227016227,398388994.4422003,13076.816046385777,0.27899613871844475,8279.073698195614
D2,29,0.7601451258180997,33979.68197008451,1154618786.7880862,20001.27723053894,0.38237850785473954,12072.928409483015
C4,54,0.6910198514240764,29300.139492687947,858498174.290972,18253.57429283946,1.1920311394975458,9662.697773002043
C3,18,0.6576371058631628,18725.780658965035,350654861.28766906,14137.525468785507,0.6275335186120208,9372.306942035028
C5,24,0.6512273766003275,22209.701966024724,493270861.4196425,14147.443289490415,0.32621846697122764,6047.166303381815
B1,97,0.646329500245882,55189.13367959748,3045840476.304481,30970.761042096296,0.3955142169856066,15729.508626196635
D3,26,0.5836542550261153,24732.257370036907,611684554.6177448,14531.599599239173,0.6143801688624758,6506.442368788053
D1,22,0.5664103636485807,21729.442698521925,472168679.98834777,15886.611777542186,0.5611931811974746,12663.879570221103
