group,count,r2,rmse,mse,mae,mape,medae
00210,42,0.5734467740732601,13141.788336993379,172706600.6943352,4339.349499929619,0.32766269153894095,640.3112371470877
00275,88,0.5514163314088294,9417.692108411611,88692924.64883833,6901.1367060363955,0.5286298592780624,5408.031411042959
00200,13,0.49692161793563927,26432.198773328597,698661131.9927539,22647.867727863868,0.6167665569153549,19663.589185273253
00020,95,0.37477889397628117,84249.02373705541,7097898000.646925,45336.42291138212,0.3208623086883337,25994.014871974883
00030,54,0.12928015135572546,25447.199475212758,647559961.1312684,19329.331907660744,0.3078418000048911,16829.530333398234
