group,count,r2,rmse,mse,mae,mape,medae
00210,40,0.6248545517887734,12564.387666711837,157863837.4394205,4840.7122622077195,0.3372606422861521,780.2412003255432
00020,92,0.49904997738277035,63483.34956190997,4030135671.5996547,39299.26267954793,0.32964026141934044,23865.37070869525
00275,87,0.3626407810196699,10841.381962851514,117535562.86444214,7106.611420708501,0.5442166092215293,4771.33809971364
00200,13,0.2882668398249493,34386.366880327725,1182422227.2284994,29732.849697323356,0.6295312252472757,22697.859195497338
00030,59,0.019043370378071245,29307.973960368858,858957337.6616591,21089.850410846295,0.3174941554690547,16923.31126016775
