group,count,r2,rmse,mse,mae,mape,medae
D2,17,0.6932860218839834,34101.140600090745,1162887790.2271574,24321.08238754677,0.3060667225580054,17055.51579791415
B1,63,0.5267441094801544,83895.03840563918,7038377469.083672,44938.03808687847,0.36508830679623466,23578.790720481164
C4,28,0.24752735989806918,39285.73513200467,1543368984.862026,29626.997927820303,2.2634628145555715,24307.34500491652
D1,15,0.23224686851904341,26859.78220171154,721447899.92338,19475.987713667237,0.43107619565606164,10033.197162471384
C2,15,0.16350973201757946,22963.312473804846,527313719.7696012,18204.43573280294,0.2261542961870338,15862.176276403123
C5,10,-0.17744607125510425,29273.504936028465,856938091.2396829,24069.598293984967,0.3193102154436209,21895.69517955793
D3,10,-0.3462850984599892,45639.92664649417,2083002904.2973683,32561.77139457615,0.48588419145750317,23673.74809602604
