group,count,r2,rmse,mse,mae,mape,medae
00210,40,0.6475578421829612,12178.264798654182,148310133.50613958,4552.853136271873,0.32349322981186746,697.2915384127498
00020,90,0.4966145092251826,63587.34850884959,4043350890.385896,39817.78570497572,0.34472706740276154,25672.94994566338
00275,89,0.4381907021341839,10145.483931897732,102930844.21239507,7313.697561867772,0.5667520768743903,5441.1883870088495
00200,13,0.3646583572395703,32488.62663174872,1055510860.4171722,27471.160425981292,0.6535621123751277,21498.720641228472
00030,59,0.11574351301614882,27825.95131538609,774283566.6062369,20577.669842402298,0.3180011705884097,15203.478049327088
