group,count,r2,rmse,mse,mae,mape,medae
8,40,0.6475578421829612,12178.264798654182,148310133.50613958,4552.853136271873,0.32349322981186746,697.2915384127498
2,90,0.4966145092251826,63587.34850884959,4043350890.385896,39817.78570497572,0.34472706740276154,25672.94994566338
18,89,0.4381907021341839,10145.483931897732,102930844.21239507,7313.697561867772,0.5667520768743903,5441.1883870088495
7,13,0.3646583572395703,32488.62663174872,1055510860.4171722,27471.160425981292,0.6535621123751277,21498.720641228472
3,62,0.07314803369317091,27971.620859542367,782411573.5099857,20954.330053184538,0.3234515138959115,16909.279269416966
