group,count,r2,rmse,mse,mae,mape,medae
2,93,0.5023074094555954,74510.57019193334,5551825070.327025,41315.324546044125,0.3250028627525276,24912.985513515072
7,11,0.35193447955736723,35088.039066198246,1231170485.5110543,21107.98902376366,0.4572899452865479,14524.583877176854
3,59,-0.05350463997493948,30167.625690845012,910085639.822932,20571.3948829544,0.3024655507011315,16949.44620875732
