group,count,r2,rmse,mse,mae,mape,medae
00210,40,0.6133545598780946,12755.513111759125,162703114.74425894,4508.804176588908,0.3041467835077663,848.5909764762065
00020,92,0.5270805612166263,61681.683106967976,3804630030.908418,38765.05002633548,0.33693913380595464,24630.109992910984
00275,87,0.5066122349394651,9538.645256211135,90985753.32383919,6882.787009486556,0.5373708297723461,5037.304883069399
00200,13,0.35441661168178384,32749.439065072533,1072525759.0768988,26975.44181755363,0.595709823113091,22739.016506329823
00030,59,0.18195230787975014,26763.94973464926,716309005.3988322,19662.113813888896,0.3010948087912718,14657.93611669229
