group,count,r2,rmse,mse,mae,mape,medae
00020,93,0.5023074094555954,74510.57019193334,5551825070.327025,41315.324546044125,0.3250028627525276,24912.985513515072
00200,11,0.35193447955736723,35088.039066198246,1231170485.5110543,21107.98902376366,0.4572899452865479,14524.583877176854
00030,57,-0.05199376038870218,30488.965929262347,929577043.4357203,20675.471441724756,0.3025642821954091,16949.44620875732
