group,count,r2,rmse,mse,mae,mape,medae
00210,140,0.8506172989954659,4963.789786416848,24639209.04373622,1584.256701481129,0.2002811038548223,434.30711925690173
00020,349,0.8265650540399865,35062.291311683744,1229364272.0253735,20129.991925514,0.18937006743896312,11566.572941595892
00275,336,0.8141744656664771,6796.812809498095,46196664.36735739,3803.4778265677037,0.23236865930078235,1969.6977143701224
00030,221,0.7330129825369835,22420.11959706224,502661762.7465743,13252.618862128362,0.18245753276233925,8424.309561068862
00040,10,0.7245164323005004,11634.451895674856,135360470.91277224,9894.323739961526,0.3025759053801499,7411.12747220731
00100,28,0.6940045897394056,91728.75998950274,8414165409.2118,48835.417413567026,1.1139373321845216,22405.435601313206
00200,47,0.5371514959984716,142860.15502584635,20409023894.00885,50212.02972852384,0.43418712203585086,12311.369914731815
