group,count,r2,rmse,mse,mae,mape,medae
C2,26,0.8054317160678002,19121.511348437994,365632196.248443,11897.429551535952,0.2654847733006706,6025.283276653798
D2,29,0.7957054209152692,31359.812477587984,983437838.629483,17950.007418718393,0.3990308783898712,5792.489629387339
B1,97,0.7070448712623397,50229.02077697137,2522954528.2134213,29348.29416814419,0.3954288613987383,16304.372188104542
C4,54,0.7005042778954804,28846.937317521235,832145792.6009992,18272.522089797796,1.2372281543318069,9142.330338205757
C5,24,0.6906348215291593,20917.378311815806,437536715.4396222,13098.952342276842,0.2993891219104288,5240.573638355455
C3,18,0.6458687245851027,19044.90143382491,362708270.62410617,14416.211750768933,0.5724147024747173,10055.933533252391
D3,26,0.5934365851783832,24439.979634583924,597312604.538877,13566.646179126737,0.5253801874131047,4791.35756382834
D1,22,0.5583262023388122,21931.076971175244,480972137.11561304,14697.55237164995,0.5201013022090488,10915.212132900193
