group,count,r2,rmse,mse,mae,mape,medae
C2,26,0.8007412593819919,19350.61988274426,374446489.84645754,11941.744427983067,0.26721821534241486,6132.418203814754
D2,29,0.768941443285548,32850.90135940723,1079181720.125504,19572.49948828182,0.3902578034239505,7542.892774929176
C3,18,0.7035493528873227,17425.00008535155,303630627.9745015,13499.185308965389,0.6201021187459288,8406.27127794968
C5,24,0.6844866603861846,21124.20626720452,446232090.4194028,13214.8602730275,0.2941728930164579,4854.84698105409
B1,97,0.6830706853818637,52243.87293832716,2729422259.5960727,29867.10581035622,0.39357440611673844,14657.93611669229
C4,54,0.6629033220819123,33866.71217004913,1146954193.208954,19806.45888080704,1.0983926953374261,7739.281378875223
D3,26,0.6120701192129865,23873.34688223948,569936691.3597335,13603.949091756922,0.5595905856650242,5371.100004004947
D1,22,0.5719191443734637,21590.96455333773,466169750.34348625,14470.42266574507,0.4758367267036528,9683.748805294159
