group,count,r2,rmse,mse,mae,mape,medae
8,140,0.8506172989954659,4963.789786416848,24639209.04373622,1584.256701481129,0.2002811038548223,434.30711925690173
2,349,0.8265650540399865,35062.291311683744,1229364272.0253735,20129.991925514,0.18937006743896312,11566.572941595892
18,336,0.8141744656664771,6796.812809498095,46196664.36735739,3803.4778265677037,0.23236865930078235,1969.6977143701224
3,232,0.7413174873680493,22016.28930501869,484716994.7622804,13065.97376875448,0.20208095782471866,7915.794366205886
5,28,0.6940045897394056,91728.75998950274,8414165409.2118,48835.417413567026,1.1139373321845216,22405.435601313206
7,47,0.5371514959984716,142860.15502584635,20409023894.00885,50212.02972852384,0.43418712203585086,12311.369914731815
