{
  "model_key": "rf",
  "prefix": "tree",
  "primary_metric": "neg_mean_absolute_percentage_error",
  "best_primary_value": -0.13182264114797176,
  "best_params": {
    "n_estimators": 715,
    "max_depth": 7,
    "min_samples_split": 28,
    "min_samples_leaf": 8,
    "max_features": null,
    "bootstrap": true
  },
  "metrics_train": {
    "r2": 0.9104649155218277,
    "mse": 53.36167050524965,
    "rmse": 7.3049072892987255,
    "mae": 5.232413627713231,
    "mape": 0.08781640258571838,
    "explained_variance": 0.9104650624474441,
    "medae": 3.823993609027056
  },
  "metrics_test": {
    "r2": 0.8297278115229055,
    "mse": 107.09655184764044,
    "rmse": 10.348746390149893,
    "mae": 7.793306156065948,
    "mape": 0.12357447643298394,
    "explained_variance": 0.8311678955890911,
    "medae": 6.166840999048951
  },
  "metrics_train_original": {
    "r2": 0.8115723858437328,
    "mse": 675272759.4970709,
    "rmse": 25986.010842318043,
    "mae": 13230.904893967943,
    "mape": 0.3843330004027608,
    "explained_variance": 0.8145807941678279,
    "medae": 6756.089901289706,
    "mape_floor": 0.3517374677674216
  },
  "metrics_test_original": {
    "r2": 0.6910994319665404,
    "mse": 1553602248.7007623,
    "rmse": 39415.761424850876,
    "mae": 21402.402307462187,
    "mape": 0.5684022470078215,
    "explained_variance": 0.6996876047974525,
    "medae": 11276.07390190482,
    "mape_floor": 0.5640379534538225
  },
  "smearing_factor": null,
  "overfit": {
    "gap_r2": 0.0807371039989222,
    "gap_explained_variance": 0.07929716685835297,
    "ratio_rmse": 1.416684152215076,
    "delta_rmse": 3.0438391008511676,
    "ratio_mse": 2.0069939871373483,
    "delta_mse": 53.73488134239079,
    "ratio_mae": 1.489428533476228,
    "delta_mae": 2.560892528352717,
    "ratio_mape": 1.4071912853906967,
    "delta_mape": 0.035758073847265565,
    "ratio_medae": 1.6126703204972115,
    "delta_medae": 2.3428473900218947
  }
}