{
  "model_key": "rf",
  "prefix": "tree",
  "primary_metric": "neg_mean_absolute_percentage_error",
  "best_primary_value": -0.13387030281077278,
  "best_params": {
    "n_estimators": 818,
    "max_depth": 13,
    "min_samples_split": 30,
    "min_samples_leaf": 16,
    "max_features": null,
    "bootstrap": true
  },
  "metrics_train": {
    "r2": 0.9090931263388113,
    "mse": 52.20211586106232,
    "rmse": 7.225103173039283,
    "mae": 5.109222162943194,
    "mape": 0.08735154740008962,
    "explained_variance": 0.9090931753828305,
    "medae": 3.657620279606107
  },
  "metrics_test": {
    "r2": 0.8357460065486149,
    "mse": 107.35492614257855,
    "rmse": 10.361222232081433,
    "mae": 7.4740755718054,
    "mape": 0.11798312535391063,
    "explained_variance": 0.8387307032260856,
    "medae": 5.573450894765742
  },
  "metrics_train_original": {
    "r2": 0.8099372672539424,
    "mse": 645119320.6244231,
    "rmse": 25399.199212266973,
    "mae": 13043.832533130062,
    "mape": 0.39677417079458677,
    "explained_variance": 0.8130192808401775,
    "medae": 6725.981009219897,
    "mape_floor": 0.358875773823559
  },
  "metrics_test_original": {
    "r2": 0.6144451705571234,
    "mse": 2522836374.6959734,
    "rmse": 50227.84461527265,
    "mae": 22689.364658173745,
    "mape": 0.5429834459508504,
    "explained_variance": 0.6300044459641642,
    "medae": 9203.730848866362,
    "mape_floor": 0.5364756628117425
  },
  "smearing_factor": null,
  "overfit": {
    "gap_r2": 0.07334711979019648,
    "gap_explained_variance": 0.07036247215674496,
    "ratio_rmse": 1.4340587233058046,
    "delta_rmse": 3.1361190590421497,
    "ratio_mse": 2.0565244218894745,
    "delta_mse": 55.15281028151623,
    "ratio_mae": 1.4628597726703512,
    "delta_mae": 2.3648534088622064,
    "ratio_mape": 1.3506701239477938,
    "delta_mape": 0.030631577953821015,
    "ratio_medae": 1.5237915553568488,
    "delta_medae": 1.915830615159635
  }
}