{
  "model_key": "rf",
  "prefix": "tree",
  "primary_metric": "neg_root_mean_squared_error",
  "best_primary_value": -8.006628720171674,
  "best_params": {
    "n_estimators": 1038,
    "max_depth": 18,
    "min_samples_split": 5,
    "min_samples_leaf": 5,
    "max_features": null,
    "bootstrap": true
  },
  "metrics_train": {
    "r2": 0.9552452487730535,
    "mse": 14.817958389846408,
    "rmse": 3.8494101353124752,
    "mae": 2.5648646824376566,
    "mape": 0.051191205620767476,
    "explained_variance": 0.955245249157443,
    "medae": 1.7622052441232583
  },
  "metrics_test": {
    "r2": 0.9440097601641032,
    "mse": 21.585630836435715,
    "rmse": 4.646033882402895,
    "mae": 3.018686186096229,
    "mape": 0.05774836056549998,
    "explained_variance": 0.9443868251320412,
    "medae": 2.009504061154569
  },
  "metrics_train_original": {
    "r2": 0.8737961641573102,
    "mse": 526773160.7895472,
    "rmse": 22951.53939912413,
    "mae": 9528.556512510895,
    "mape": 0.223738494887901,
    "explained_variance": 0.875675393090088,
    "medae": 4028.912384909916,
    "mape_floor": 0.2143029096166449
  },
  "metrics_test_original": {
    "r2": 0.7965784176508018,
    "mse": 1558027202.3520226,
    "rmse": 39471.85329259348,
    "mae": 13610.60588894935,
    "mape": 0.2529369592025464,
    "explained_variance": 0.8014758775866897,
    "medae": 4846.377886125423,
    "mape_floor": 0.2390378471541501
  },
  "smearing_factor": null,
  "overfit": {
    "gap_r2": 0.011235488608950295,
    "gap_explained_variance": 0.010858424025401825,
    "ratio_rmse": 1.2069469656617282,
    "delta_rmse": 0.7966237470904196,
    "ratio_mse": 1.4567209779200532,
    "delta_mse": 6.767672446589307,
    "ratio_mae": 1.1769377958868608,
    "delta_mae": 0.4538215036585722,
    "ratio_mape": 1.1280914341675978,
    "delta_mape": 0.006557154944732503,
    "ratio_medae": 1.140334854782678,
    "delta_medae": 0.24729881703131085
  }
}