{
  "model_key": "rf",
  "prefix": "tree",
  "primary_metric": "neg_mean_absolute_percentage_error",
  "best_primary_value": -0.1299995557850055,
  "best_params": {
    "n_estimators": 642,
    "max_depth": 27,
    "min_samples_split": 19,
    "min_samples_leaf": 5,
    "max_features": null,
    "bootstrap": true
  },
  "metrics_train": {
    "r2": 0.9402961170530317,
    "mse": 35.41579396675081,
    "rmse": 5.951117035208669,
    "mae": 4.116220302799483,
    "mape": 0.06949931674650114,
    "explained_variance": 0.940296581252542,
    "medae": 2.978947550122257
  },
  "metrics_test": {
    "r2": 0.8393072561854485,
    "mse": 101.9224189572277,
    "rmse": 10.095663373806978,
    "mae": 7.520993640627308,
    "mape": 0.1186557800439498,
    "explained_variance": 0.8404012214427328,
    "medae": 5.6704936623512765
  },
  "metrics_train_original": {
    "r2": 0.8622617540141135,
    "mse": 490792047.7599484,
    "rmse": 22153.82693260802,
    "mae": 10526.912746135433,
    "mape": 0.29860272144446826,
    "explained_variance": 0.8643573991355852,
    "medae": 5020.997839078889,
    "mape_floor": 0.27231965666105873
  },
  "metrics_test_original": {
    "r2": 0.7109551846976154,
    "mse": 1482629751.2850869,
    "rmse": 38504.93151902866,
    "mae": 20895.09228430766,
    "mape": 0.5353950527057489,
    "explained_variance": 0.7186407107326649,
    "medae": 10000.439124785276,
    "mape_floor": 0.5318392239721831
  },
  "smearing_factor": null,
  "overfit": {
    "gap_r2": 0.10098886086758319,
    "gap_explained_variance": 0.09989535980980924,
    "ratio_rmse": 1.696431663850312,
    "delta_rmse": 4.1445463385983095,
    "ratio_mse": 2.8778803901139387,
    "delta_mse": 66.5066249904769,
    "ratio_mae": 1.8271601341435018,
    "delta_mae": 3.4047733378278258,
    "ratio_mape": 1.7072941950889522,
    "delta_mape": 0.04915646329744866,
    "ratio_medae": 1.9035224913975266,
    "delta_medae": 2.6915461122290196
  }
}