{
  "model_key": "rf",
  "prefix": "tree",
  "primary_metric": "neg_mean_absolute_percentage_error",
  "best_primary_value": -0.03733591158059788,
  "best_params": {
    "n_estimators": 344,
    "max_depth": 24,
    "min_samples_split": 2,
    "min_samples_leaf": 1,
    "max_features": null,
    "bootstrap": true
  },
  "metrics_train": {
    "r2": 0.9454368126795857,
    "mse": 0.02912521176150314,
    "rmse": 0.17066110207514523,
    "mae": 0.1155437814581767,
    "mape": 0.010677641182367246,
    "explained_variance": 0.9454680873357086,
    "medae": 0.0848893808136344
  },
  "metrics_test": {
    "r2": 0.3765721261740158,
    "mse": 0.3165269027422176,
    "rmse": 0.5626072366600146,
    "mae": 0.3630789791908061,
    "mape": 0.03337764834979777,
    "explained_variance": 0.37666646267460235,
    "medae": 0.26606909929316647
  },
  "metrics_train_original": {
    "r2": 0.9292883264481342,
    "mse": 303885135.07801026,
    "rmse": 17432.301485403765,
    "mae": 9764.749180895154,
    "mape": 0.1225681380360383,
    "explained_variance": 0.9311339394114643,
    "medae": 6058.233825022293,
    "mape_floor": 0.12097232412744988
  },
  "metrics_test_original": {
    "r2": 0.5406160943750962,
    "mse": 3545888727.406943,
    "rmse": 59547.36541113253,
    "mae": 33328.304213899,
    "mape": 0.6920905289406066,
    "explained_variance": 0.5494759994089292,
    "medae": 20641.265600688792,
    "mape_floor": 0.6920905289406066
  },
  "smearing_factor": 1.0180234390187957,
  "overfit": {
    "gap_r2": 0.5688646865055699,
    "gap_explained_variance": 0.5688016246611063,
    "ratio_rmse": 3.2966342641587314,
    "delta_rmse": 0.3919461345848693,
    "ratio_mse": 10.86779747162538,
    "delta_mse": 0.2874016909807145,
    "ratio_mae": 3.142349805491086,
    "delta_mae": 0.24753519773262941,
    "ratio_mape": 3.1259383771873392,
    "delta_mape": 0.022700007167430522,
    "ratio_medae": 3.1343036872573364,
    "delta_medae": 0.18117971847953207
  }
}