{
  "model_key": "rf",
  "prefix": "tree",
  "primary_metric": "neg_mean_absolute_percentage_error",
  "best_primary_value": -0.04067737667879751,
  "best_params": {
    "n_estimators": 1019,
    "max_depth": 37,
    "min_samples_split": 19,
    "min_samples_leaf": 3,
    "max_features": null,
    "bootstrap": true
  },
  "metrics_train": {
    "r2": 0.9463497053350776,
    "mse": 0.10293436683210291,
    "rmse": 0.32083386172924905,
    "mae": 0.21354957164003238,
    "mape": 0.02195150100136588,
    "explained_variance": 0.9463501629828508,
    "medae": 0.15754501063124504
  },
  "metrics_test": {
    "r2": 0.8465184423193761,
    "mse": 0.2882437305488125,
    "rmse": 0.5368833491074319,
    "mae": 0.3921937041268041,
    "mape": 0.039394091707042375,
    "explained_variance": 0.846572885580115,
    "medae": 0.3119804259213961
  },
  "metrics_train_original": {
    "r2": 0.8736650300657606,
    "mse": 481849221.38203716,
    "rmse": 21951.06424258371,
    "mae": 10786.321125950042,
    "mape": 0.27234219977588103,
    "explained_variance": 0.8745698224344082,
    "medae": 5240.622033516785,
    "mape_floor": 0.2547794462470525
  },
  "metrics_test_original": {
    "r2": 0.6925641031245386,
    "mse": 1576965173.527582,
    "rmse": 39711.020806919354,
    "mae": 21710.771022851244,
    "mape": 0.629702993110414,
    "explained_variance": 0.694644032482393,
    "medae": 10533.170004849759,
    "mape_floor": 0.6261519917656219
  },
  "smearing_factor": 1.0465218130359395,
  "overfit": {
    "gap_r2": 0.09983126301570144,
    "gap_explained_variance": 0.09977727740273579,
    "ratio_rmse": 1.6733998905654992,
    "delta_rmse": 0.2160494873781828,
    "ratio_mse": 2.800267193744624,
    "delta_mse": 0.1853093637167096,
    "ratio_mae": 1.836546433293256,
    "delta_mae": 0.17864413248677172,
    "ratio_mape": 1.7945967204972073,
    "delta_mape": 0.017442590705676494,
    "ratio_medae": 1.9802621782268153,
    "delta_medae": 0.15443541529015103
  }
}