{
  "model_key": "rf",
  "prefix": "tree",
  "primary_metric": "neg_mean_absolute_percentage_error",
  "best_primary_value": -0.12862682303136547,
  "best_params": {
    "n_estimators": 802,
    "max_depth": 23,
    "min_samples_split": 12,
    "min_samples_leaf": 5,
    "max_features": null,
    "bootstrap": true
  },
  "metrics_train": {
    "r2": 0.9517187089117985,
    "mse": 28.77498090979907,
    "rmse": 5.364231623429312,
    "mae": 3.643886050601327,
    "mape": 0.061316000881199866,
    "explained_variance": 0.9517187158831795,
    "medae": 2.532345967699193
  },
  "metrics_test": {
    "r2": 0.840906819419949,
    "mse": 100.06526147920802,
    "rmse": 10.003262541751466,
    "mae": 7.465455854274725,
    "mape": 0.11928915142283468,
    "explained_variance": 0.841322372489264,
    "medae": 5.8109734289587465
  },
  "metrics_train_original": {
    "r2": 0.886446333644838,
    "mse": 406945117.7525804,
    "rmse": 20172.88074997174,
    "mae": 9396.873311301782,
    "mape": 0.2593595061392705,
    "explained_variance": 0.8882375449734414,
    "medae": 4451.927086816886,
    "mape_floor": 0.2365928385409782
  },
  "metrics_test_original": {
    "r2": 0.7326423328098025,
    "mse": 1344663998.5106435,
    "rmse": 36669.660463530934,
    "mae": 20336.770517302193,
    "mape": 0.5599863209935446,
    "explained_variance": 0.7378469544418796,
    "medae": 9810.441726914523,
    "mape_floor": 0.55678734601611
  },
  "smearing_factor": null,
  "overfit": {
    "gap_r2": 0.1108118894918495,
    "gap_explained_variance": 0.11039634339391546,
    "ratio_rmse": 1.8648080925626507,
    "delta_rmse": 4.639030918322154,
    "ratio_mse": 3.477509222087152,
    "delta_mse": 71.29028056940895,
    "ratio_mae": 2.048762159574872,
    "delta_mae": 3.8215698036733983,
    "ratio_mape": 1.9454815987421972,
    "delta_mape": 0.057973150541634814,
    "ratio_medae": 2.2946996591616617,
    "delta_medae": 3.2786274612595534
  }
}