{
  "80%": {
    "coverage": 0.7986798679867987,
    "average_width": 124681.79337565505,
    "average_width_pct": 213280.8717430184,
    "target_coverage": 0.8
  },
  "90%": {
    "coverage": 0.8844884488448845,
    "average_width": 162506.8211312076,
    "average_width_pct": 277339.92246473994,
    "target_coverage": 0.9
  }
}