{
  "80%": {
    "coverage": 0.8023255813953488,
    "average_width": 143815.8771031789,
    "average_width_pct": 1276695.8018636936,
    "target_coverage": 0.8
  },
  "90%": {
    "coverage": 0.8953488372093024,
    "average_width": 194341.0379350215,
    "average_width_pct": 1723391.8981064814,
    "target_coverage": 0.9
  }
}