{
  "80%": {
    "coverage": 0.7854785478547854,
    "average_width": 130662.77814556762,
    "average_width_pct": 1280944.2406973226,
    "target_coverage": 0.8
  },
  "90%": {
    "coverage": 0.9042904290429042,
    "average_width": 171725.35029346123,
    "average_width_pct": 1685859.5618147552,
    "target_coverage": 0.9
  }
}