{
  "80%": {
    "coverage": 0.8052805280528053,
    "average_width": 125360.40464831518,
    "average_width_pct": 211764.1932019409,
    "target_coverage": 0.8
  },
  "90%": {
    "coverage": 0.8712871287128713,
    "average_width": 162942.832911384,
    "average_width_pct": 277362.5200932582,
    "target_coverage": 0.9
  }
}