{
  "model_key": "knn",
  "prefix": "scaled",
  "primary_metric": "neg_root_mean_squared_error",
  "best_primary_value": -0.670607645765553,
  "best_params": {
    "n_neighbors": 8,
    "weights": "distance",
    "p": 2
  },
  "metrics_train": {
    "r2": 0.9999399939148801,
    "mse": 0.00011105351620511859,
    "rmse": 0.0105381932135029,
    "mae": 0.00048067874059717794,
    "mape": 4.190557689501768e-05,
    "explained_variance": 0.9999399939148801,
    "medae": 0.0
  },
  "metrics_test": {
    "r2": 0.7529536137156629,
    "mse": 0.48783709085682275,
    "rmse": 0.6984533562499523,
    "mae": 0.49609764133901235,
    "mape": 0.05065211044883289,
    "explained_variance": 0.7607622416454082,
    "medae": 0.3906467176094761
  },
  "metrics_train_original": {
    "r2": 0.9941497261220471,
    "mse": 24172060.589184936,
    "rmse": 4916.508983942258,
    "mae": 137.166609273007,
    "mape": 0.0005530720815351522,
    "explained_variance": 0.9941498222230303,
    "medae": 2.1602694091561716,
    "mape_floor": 0.0005527185970007847
  },
  "metrics_test_original": {
    "r2": 0.4722358405004048,
    "mse": 3254988172.0496607,
    "rmse": 57052.503644009004,
    "mae": 26302.93426107791,
    "mape": 0.7450417495374887,
    "explained_variance": 0.5138588325694806,
    "medae": 11299.25748211085,
    "mape_floor": 0.6425351298715527
  },
  "smearing_factor": 1.0000529064294115,
  "overfit": {
    "gap_r2": 0.24698638019921715,
    "gap_explained_variance": 0.2391777522694719,
    "ratio_rmse": 66.2782833925462,
    "delta_rmse": 0.6879151630364494,
    "ratio_mse": 4392.810849462664,
    "delta_mse": 0.48772603734061765,
    "ratio_mae": 1032.0773511278626,
    "delta_mae": 0.4956169625984152,
    "ratio_mape": 1208.7200368515896,
    "delta_mape": 0.05061020487193787,
    "ratio_medae": NaN,
    "delta_medae": 0.3906467176094761
  }
}