{
  "model_key": "ridge",
  "prefix": "scaled",
  "primary_metric": "neg_root_mean_squared_error",
  "best_primary_value": -0.5882138002880176,
  "best_params": {
    "alpha": 196.26549415122605
  },
  "metrics_train": {
    "r2": 0.8496975034896943,
    "mse": 0.27816546769440953,
    "rmse": 0.5274139434015843,
    "mae": 0.3836714537627336,
    "mape": 0.039558583306853225,
    "explained_variance": 0.8496975034896943,
    "medae": 0.29710339231546357
  },
  "metrics_test": {
    "r2": 0.8149082746980534,
    "mse": 0.36549657807602004,
    "rmse": 0.6045631299343519,
    "mae": 0.4517298538707604,
    "mape": 0.04576553309232125,
    "explained_variance": 0.8150516026629704,
    "medae": 0.3476944000442863
  },
  "metrics_train_original": {
    "r2": 0.5817259862668671,
    "mse": 1728217347.3862462,
    "rmse": 41571.833582201376,
    "mae": 20610.745506335148,
    "mape": 0.5928091069484294,
    "explained_variance": 0.5838951912972442,
    "medae": 9277.125397628859,
    "mape_floor": 0.5562115785695204
  },
  "metrics_test_original": {
    "r2": 0.5405169796660405,
    "mse": 2833863894.5523906,
    "rmse": 53234.04826379815,
    "mae": 27781.344525941873,
    "mape": 0.64194361066949,
    "explained_variance": 0.5446482851145111,
    "medae": 13015.79659962118,
    "mape_floor": 0.6243100383224036
  },
  "smearing_factor": 1.133264853429828,
  "overfit": {
    "gap_r2": 0.034789228791640925,
    "gap_explained_variance": 0.03464590082672392,
    "ratio_rmse": 1.146278245954572,
    "delta_rmse": 0.07714918653276759,
    "ratio_mse": 1.3139538171486902,
    "delta_mse": 0.08733111038161051,
    "ratio_mae": 1.1773871875026565,
    "delta_mae": 0.06805840010802683,
    "ratio_mape": 1.1569052596580909,
    "delta_mape": 0.006206949785468027,
    "ratio_medae": 1.1702808148185173,
    "delta_medae": 0.050591007728822746
  }
}