{
  "model_key": "lasso",
  "prefix": "scaled",
  "primary_metric": "neg_root_mean_squared_error",
  "best_primary_value": -0.5834794286050439,
  "best_params": {
    "alpha": 0.0018156520808352713
  },
  "metrics_train": {
    "r2": 0.8506988777107265,
    "mse": 0.2763122201769179,
    "rmse": 0.525654087948451,
    "mae": 0.3815339473329899,
    "mape": 0.039300235656017986,
    "explained_variance": 0.8506988777107265,
    "medae": 0.29349502583245446
  },
  "metrics_test": {
    "r2": 0.8115765887291532,
    "mse": 0.37207558542424374,
    "rmse": 0.6099799877243873,
    "mae": 0.45618457914051913,
    "mape": 0.04614142748442003,
    "explained_variance": 0.8120253540675375,
    "medae": 0.3419624547549649
  },
  "metrics_train_original": {
    "r2": 0.5765992311493164,
    "mse": 1749399985.654578,
    "rmse": 41825.82916876338,
    "mae": 20670.61792745521,
    "mape": 0.5884369311595236,
    "explained_variance": 0.5795197207514035,
    "medae": 9251.389633955463,
    "mape_floor": 0.5531459177892628
  },
  "metrics_test_original": {
    "r2": 0.5431421368952376,
    "mse": 2817673223.820015,
    "rmse": 53081.75980334502,
    "mae": 27666.438264754925,
    "mape": 0.6323205047266477,
    "explained_variance": 0.5465911265024603,
    "medae": 12998.976165768243,
    "mape_floor": 0.6151204410967416
  },
  "smearing_factor": 1.133199457933943,
  "overfit": {
    "gap_r2": 0.03912228898157333,
    "gap_explained_variance": 0.03867352364318899,
    "ratio_rmse": 1.1604208960022504,
    "delta_rmse": 0.0843258997759363,
    "ratio_mse": 1.3465766558786658,
    "delta_mse": 0.09576336524732582,
    "ratio_mae": 1.1956592128416208,
    "delta_mae": 0.07465063180752923,
    "ratio_mape": 1.1740750841364094,
    "delta_mape": 0.006841191828402045,
    "ratio_medae": 1.165138842762462,
    "delta_medae": 0.048467428922510436
  }
}