{
  "model_key": "ridge",
  "prefix": "scaled",
  "primary_metric": "neg_root_mean_squared_error",
  "best_primary_value": -58322.404975515936,
  "best_params": {
    "alpha": 180.3006788427939
  },
  "metrics_train": {
    "r2": 0.6598896527265112,
    "mse": 1534259491.5449543,
    "rmse": 39169.62460306397,
    "mae": 22519.032258219508,
    "mape": 1.5416051441407297,
    "explained_variance": 0.6598896527265112,
    "medae": 14567.017017504222
  },
  "metrics_test": {
    "r2": 0.5835974031845228,
    "mse": 2430859296.088513,
    "rmse": 49303.74525417428,
    "mae": 29389.833637434094,
    "mape": 1.7898791228094881,
    "explained_variance": 0.5940270934473184,
    "medae": 19695.240666630365
  },
  "overfit": {
    "gap_r2": 0.07629224954198843,
    "gap_explained_variance": 0.06586255927919282,
    "ratio_rmse": 1.2587239666912098,
    "delta_rmse": 10134.120651110316,
    "ratio_mse": 1.5843860243228536,
    "delta_mse": 896599804.5435586,
    "ratio_mae": 1.3051108635765964,
    "delta_mae": 6870.801379214587,
    "ratio_mape": 1.161049007660871,
    "delta_mape": 0.24827397866875844,
    "ratio_medae": 1.3520434995691908,
    "delta_medae": 5128.223649126143
  }
}