{
  "model_key": "elasticnet",
  "prefix": "scaled",
  "primary_metric": "neg_root_mean_squared_error",
  "best_primary_value": -0.5835875503317762,
  "best_params": {
    "alpha": 0.0024445251117508737,
    "l1_ratio": 0.6398665301929318
  },
  "metrics_train": {
    "r2": 0.8508684773964413,
    "mse": 0.27599834131932705,
    "rmse": 0.5253554428378249,
    "mae": 0.3814230410691549,
    "mape": 0.039286151189628145,
    "explained_variance": 0.8508684773964414,
    "medae": 0.2943550513638389
  },
  "metrics_test": {
    "r2": 0.8117922908521379,
    "mse": 0.3716496431639615,
    "rmse": 0.6096307432897077,
    "mae": 0.45605825026505814,
    "mape": 0.04612896885623919,
    "explained_variance": 0.8122374614489334,
    "medae": 0.34102703039176596
  },
  "metrics_train_original": {
    "r2": 0.5777628601503288,
    "mse": 1744592123.441186,
    "rmse": 41768.31482644693,
    "mae": 20663.018181672407,
    "mape": 0.5874864486316844,
    "explained_variance": 0.5806878870489757,
    "medae": 9337.322026948528,
    "mape_floor": 0.5526676521394506
  },
  "metrics_test_original": {
    "r2": 0.5434330988234268,
    "mse": 2815878714.6292605,
    "rmse": 53064.85385478095,
    "mae": 27655.09482906574,
    "mape": 0.6321397459132941,
    "explained_variance": 0.5468308815698384,
    "medae": 12992.879407359807,
    "mape_floor": 0.6150082985690126
  },
  "smearing_factor": 1.1330944241910696,
  "overfit": {
    "gap_r2": 0.03907618654430345,
    "gap_explained_variance": 0.03863101594750806,
    "ratio_rmse": 1.160415774883098,
    "delta_rmse": 0.0842753004518828,
    "ratio_mse": 1.3465647705975412,
    "delta_mse": 0.09565130184463444,
    "ratio_mae": 1.195675670213041,
    "delta_mae": 0.07463520919590322,
    "ratio_mape": 1.1741788762554475,
    "delta_mape": 0.006842817666611045,
    "ratio_medae": 1.1585567457112804,
    "delta_medae": 0.04667197902792708
  }
}