{
  "models": {
    "catboost": {
      "best_params": {
        "depth": 6,
        "learning_rate": 0.04667182286424757,
        "l2_leaf_reg": 4.701407803239238,
        "bagging_temperature": 0.4477020460275112,
        "border_count": 109,
        "random_strength": 0.2036742501591838,
        "rsm": 0.6809696876100045,
        "min_data_in_leaf": 25,
        "max_ctr_complexity": 2
      },
      "best_primary_value": -0.12453275882080458,
      "metrics_test": {
        "r2": 0.8324948301068971,
        "mse": 105.35617279986839,
        "rmse": 10.264315505666628,
        "mae": 7.434716647539312,
        "mape": 0.12134813593264858,
        "explained_variance": 0.8333166270821252,
        "medae": 5.4566541834073945
      },
      "metrics_train": {
        "r2": 0.9547992836785043,
        "mse": 26.939001007330575,
        "rmse": 5.1902794729504285,
        "mae": 3.88367219511251,
        "mape": 0.06258540500955026,
        "explained_variance": 0.9548135305091174,
        "medae": 2.9028466348280837
      },
      "metrics_test_original": {
        "r2": 0.7429382080857864,
        "mse": 1292881332.3830159,
        "rmse": 35956.65908260966,
        "mae": 20032.55318663068,
        "mape": 0.583756966245367,
        "explained_variance": 0.743649053019402,
        "medae": 9813.825435502396,
        "mape_floor": 0.5819366405053731
      },
      "metrics_train_original": {
        "r2": 0.9203675834538663,
        "mse": 285380685.3486577,
        "rmse": 16893.21418051218,
        "mae": 9900.909576580005,
        "mape": 0.22444977619552467,
        "explained_variance": 0.9213185461889615,
        "medae": 5167.17962305648,
        "mape_floor": 0.21799723662622955
      },
      "smearing_factor": null,
      "overfit": {
        "gap_r2": 0.12230445357160724,
        "gap_explained_variance": 0.12149690342699226,
        "ratio_rmse": 1.9776036260012508,
        "delta_rmse": 5.0740360327162,
        "ratio_mse": 3.9109161015732963,
        "delta_mse": 78.41717179253781,
        "ratio_mae": 1.9143522609595345,
        "delta_mae": 3.551044452426802,
        "ratio_mape": 1.938920678297622,
        "delta_mape": 0.05876273092309832,
        "ratio_medae": 1.8797597220393822,
        "delta_medae": 2.553807548579311
      }
    },
    "xgboost": {
      "best_params": {
        "n_estimators": 911,
        "max_depth": 5,
        "learning_rate": 0.030540219414709177,
        "subsample": 0.7958067628709456,
        "colsample_bytree": 0.8150216555493145,
        "min_child_weight": 6.505562773908768,
        "reg_alpha": 2.507588970698255,
        "reg_lambda": 1.0170509664519252,
        "gamma": 4.967814343301184
      },
      "best_primary_value": -0.12276800828500141,
      "metrics_test": {
        "r2": 0.8285942407267382,
        "mse": 107.80953689018041,
        "rmse": 10.383137141065816,
        "mae": 7.621680792614015,
        "mape": 0.12037678716541556,
        "explained_variance": 0.8286132921090824,
        "medae": 5.415730930622118
      },
      "metrics_train": {
        "r2": 0.9888583130417893,
        "mse": 6.640291141754805,
        "rmse": 2.576876237182299,
        "mae": 1.9015974066205379,
        "mape": 0.030816167977945067,
        "explained_variance": 0.9888583224930133,
        "medae": 1.421038971467052
      },
      "metrics_test_original": {
        "r2": 0.7797619485970992,
        "mse": 1107677898.060577,
        "rmse": 33281.79529503445,
        "mae": 20525.74424591729,
        "mape": 0.5674886457840875,
        "explained_variance": 0.7804322969125852,
        "medae": 10248.921875,
        "mape_floor": 0.5672438072618243
      },
      "metrics_train_original": {
        "r2": 0.9838467753674662,
        "mse": 57888715.62817224,
        "rmse": 7608.463420965645,
        "mae": 4650.6270047856015,
        "mape": 0.10374835876736392,
        "explained_variance": 0.9840623631430779,
        "medae": 2398.823196765996,
        "mape_floor": 0.10209753433166507
      },
      "smearing_factor": null,
      "overfit": {
        "gap_r2": 0.16026407231505113,
        "gap_explained_variance": 0.1602450303839309,
        "ratio_rmse": 4.02935033947122,
        "delta_rmse": 7.806260903883517,
        "ratio_mse": 16.235664158196833,
        "delta_mse": 101.16924574842561,
        "ratio_mae": 4.008041221595395,
        "delta_mae": 5.720083385993477,
        "ratio_mape": 3.9062867015642064,
        "delta_mape": 0.08956061918747049,
        "ratio_medae": 3.8111065490561646,
        "delta_medae": 3.994691959155066
      }
    },
    "lightgbm": {
      "best_params": {
        "n_estimators": 475,
        "max_depth": 5,
        "learning_rate": 0.03232819863748639,
        "num_leaves": 35,
        "subsample": 0.6551201129059637,
        "colsample_bytree": 0.6907525138595558,
        "reg_alpha": 0.6819420479337013,
        "reg_lambda": 1.9430063683854903,
        "min_child_samples": 50,
        "min_split_gain": 0.4808433653736929
      },
      "best_primary_value": -0.12620381356359042,
      "metrics_test": {
        "r2": 0.8141718620460126,
        "mse": 116.88081881802394,
        "rmse": 10.811143270627023,
        "mae": 7.838768037258968,
        "mape": 0.12802435137137197,
        "explained_variance": 0.817485686328559,
        "medae": 6.132272605141878
      },
      "metrics_train": {
        "r2": 0.9531547138298715,
        "mse": 27.919141863812452,
        "rmse": 5.283856722490917,
        "mae": 3.8478153386562473,
        "mape": 0.06256410957582738,
        "explained_variance": 0.9531547139517732,
        "medae": 2.7983001132921785
      },
      "metrics_test_original": {
        "r2": 0.7222591631416098,
        "mse": 1396885708.06541,
        "rmse": 37374.934221552954,
        "mae": 21707.580652576067,
        "mape": 0.6733448875050653,
        "explained_variance": 0.7226143051471574,
        "medae": 10506.073493458207,
        "mape_floor": 0.6724883688542319
      },
      "metrics_train_original": {
        "r2": 0.904648321149241,
        "mse": 341714199.3149255,
        "rmse": 18485.513228334385,
        "mae": 9889.492802318533,
        "mape": 0.23044919659235694,
        "explained_variance": 0.9058256024739545,
        "medae": 4966.799282125562,
        "mape_floor": 0.22254850422825329
      },
      "smearing_factor": null,
      "overfit": {
        "gap_r2": 0.13898285178385894,
        "gap_explained_variance": 0.1356690276232142,
        "ratio_rmse": 2.0460704819282896,
        "delta_rmse": 5.5272865481361055,
        "ratio_mse": 4.186404417018263,
        "delta_mse": 88.96167695421148,
        "ratio_mae": 2.0371996437844806,
        "delta_mae": 3.990952698602721,
        "ratio_mape": 2.046290632750189,
        "delta_mape": 0.06546024179554459,
        "ratio_medae": 2.191427780034396,
        "delta_medae": 3.3339724918497
      }
    },
    "gbr": {
      "best_params": {
        "learning_rate": 0.01983566604922096,
        "n_estimators": 893,
        "max_depth": 6,
        "subsample": 0.8378955822161887,
        "min_samples_leaf": 29,
        "max_features": null,
        "min_samples_split": 32,
        "min_impurity_decrease": 0.0016896194709669693
      },
      "best_primary_value": -0.12154114568862588,
      "metrics_test": {
        "r2": 0.823515073715106,
        "mse": 111.00419409209486,
        "rmse": 10.535852793774923,
        "mae": 7.764452501861603,
        "mape": 0.12621463810635938,
        "explained_variance": 0.8237355224157559,
        "medae": 5.739162565800015
      },
      "metrics_train": {
        "r2": 0.9742965269342728,
        "mse": 15.318914016418567,
        "rmse": 3.913938427775604,
        "mae": 2.861669128288535,
        "mape": 0.046424984744687724,
        "explained_variance": 0.9742965376653533,
        "medae": 2.106421666675697
      },
      "metrics_test_original": {
        "r2": 0.7625246917646051,
        "mse": 1194371947.0449564,