{
  "models": {
    "rf": {
      "best_params": {
        "n_estimators": 1038,
        "max_depth": 18,
        "min_samples_split": 5,
        "min_samples_leaf": 5,
        "max_features": null,
        "bootstrap": true
      },
      "best_primary_value": -8.006628720171674,
      "metrics_test": {
        "r2": 0.9440097601641032,
        "mse": 21.585630836435715,
        "rmse": 4.646033882402895,
        "mae": 3.018686186096229,
        "mape": 0.05774836056549998,
        "explained_variance": 0.9443868251320412,
        "medae": 2.009504061154569
      },
      "metrics_train": {
        "r2": 0.9552452487730535,
        "mse": 14.817958389846408,
        "rmse": 3.8494101353124752,
        "mae": 2.5648646824376566,
        "mape": 0.051191205620767476,
        "explained_variance": 0.955245249157443,
        "medae": 1.7622052441232583
      },
      "metrics_test_original": {
        "r2": 0.7965784176508018,
        "mse": 1558027202.3520226,
        "rmse": 39471.85329259348,
        "mae": 13610.60588894935,
        "mape": 0.2529369592025464,
        "explained_variance": 0.8014758775866897,
        "medae": 4846.377886125423,
        "mape_floor": 0.2390378471541501
      },
      "metrics_train_original": {
        "r2": 0.8737961641573102,
        "mse": 526773160.7895472,
        "rmse": 22951.53939912413,
        "mae": 9528.556512510895,
        "mape": 0.223738494887901,
        "explained_variance": 0.875675393090088,
        "medae": 4028.912384909916,
        "mape_floor": 0.2143029096166449
      },
      "smearing_factor": null,
      "overfit": {
        "gap_r2": 0.011235488608950295,
        "gap_explained_variance": 0.010858424025401825,
        "ratio_rmse": 1.2069469656617282,
        "delta_rmse": 0.7966237470904196,
        "ratio_mse": 1.4567209779200532,
        "delta_mse": 6.767672446589307,
        "ratio_mae": 1.1769377958868608,
        "delta_mae": 0.4538215036585722,
        "ratio_mape": 1.1280914341675978,
        "delta_mape": 0.006557154944732503,
        "ratio_medae": 1.140334854782678,
        "delta_medae": 0.24729881703131085
      }
    },
    "gbr": {
      "best_params": {
        "learning_rate": 0.016196771296296705,
        "n_estimators": 1011,
        "max_depth": 6,
        "subsample": 0.7476216635835371,
        "min_samples_leaf": 9,
        "max_features": null,
        "min_samples_split": 20,
        "min_impurity_decrease": 0.008122285144861357
      },
      "best_primary_value": -7.745779576438431,
      "metrics_test": {
        "r2": 0.9656878942976596,
        "mse": 13.228170643352614,
        "rmse": 3.6370552158789966,
        "mae": 2.634184749712546,
        "mape": 0.05009120308110199,
        "explained_variance": 0.9656890620192216,
        "medae": 1.9511343268825883
      },
      "metrics_train": {
        "r2": 0.9694590535463133,
        "mse": 10.111875528977931,
        "rmse": 3.17991753493356,
        "mae": 2.3204358881250458,
        "mape": 0.04592429272859087,
        "explained_variance": 0.969459053565428,
        "medae": 1.7184594203838017
      },
      "metrics_test_original": {
        "r2": 0.9390253560084785,
        "mse": 467011183.8449936,
        "rmse": 21610.44154673832,
        "mae": 10899.047660520158,
        "mape": 0.1986800063990963,
        "explained_variance": 0.9401562784001883,
        "medae": 4823.282135042681,
        "mape_floor": 0.19454200609784758
      },
      "metrics_train_original": {
        "r2": 0.9469269578255974,
        "mse": 221526184.14685327,
        "rmse": 14883.755713758987,
        "mae": 8103.684098061573,
        "mape": 0.17606535791841801,
        "explained_variance": 0.9477284371937758,
        "medae": 3980.218331223572,
        "mape_floor": 0.17284549804302562
      },
      "smearing_factor": null,
      "overfit": {
        "gap_r2": 0.003771159248653788,
        "gap_explained_variance": 0.003769991546206497,
        "ratio_rmse": 1.1437577157028342,
        "delta_rmse": 0.4571376809454364,
        "ratio_mse": 1.3081817122297654,
        "delta_mse": 3.116295114374683,
        "ratio_mae": 1.135211174414741,
        "delta_mae": 0.31374886158750037,
        "ratio_mape": 1.0907343391685365,
        "delta_mape": 0.00416691035251112,
        "ratio_medae": 1.135397381945057,
        "delta_medae": 0.23267490649878653
      }
    },
    "hgbt": {
      "best_params": {
        "learning_rate": 0.11077296138068414,
        "max_depth": 10,
        "max_leaf_nodes": 153,
        "l2_regularization": 0.00035000322621901156,
        "max_bins": 151,
        "min_samples_leaf": 45
      },
      "best_primary_value": -7.857160941469161,
      "metrics_test": {
        "r2": 0.9584004747671971,
        "mse": 16.037652227925893,
        "rmse": 4.004703762817656,
        "mae": 2.7858722076451543,
        "mape": 0.053234372056298565,
        "explained_variance": 0.9584202227533989,
        "medae": 2.017087163290272
      },
      "metrics_train": {
        "r2": 0.9643775950089246,
        "mse": 11.794307876438298,
        "rmse": 3.4342841869068286,
        "mae": 2.450365868206331,
        "mape": 0.048731566772200155,
        "explained_variance": 0.9643775950089246,
        "medae": 1.7838696892354307
      },
      "metrics_test_original": {
        "r2": 0.8758329207750248,
        "mse": 951008663.0681083,
        "rmse": 30838.428349513993,
        "mae": 12258.57463927615,
        "mape": 0.21834745534170752,
        "explained_variance": 0.877919299215591,
        "medae": 4822.71603458951,
        "mape_floor": 0.20830484613974753
      },
      "metrics_train_original": {
        "r2": 0.9154435584115254,
        "mse": 352937481.6800193,
        "rmse": 18786.630397173925,
        "mae": 8841.962808784734,
        "mape": 0.19405084320111346,
        "explained_variance": 0.9164501298465787,
        "medae": 4128.2009281227365,
        "mape_floor": 0.18787325850286596
      },
      "smearing_factor": null,
      "overfit": {
        "gap_r2": 0.005977120241727474,
        "gap_explained_variance": 0.005957372255525728,
        "ratio_rmse": 1.1660956242600848,
        "delta_rmse": 0.5704195759108277,
        "ratio_mse": 1.3597790049185168,
        "delta_mse": 4.243344351487595,
        "ratio_mae": 1.1369209160934053,
        "delta_mae": 0.33550633943882335,
        "ratio_mape": 1.0924001747193386,
        "delta_mape": 0.00450280528409841,
        "ratio_medae": 1.1307368332239554,
        "delta_medae": 0.2332174740548414
      }
    },
    "xgboost": {
      "best_params": {
        "n_estimators": 780,
        "max_depth": 6,
        "learning_rate": 0.019754938777716783,
        "subsample": 0.6549342177518876,
        "colsample_bytree": 0.7025528674433197,
        "min_child_weight": 2.1843668146013107,
        "reg_alpha": 0.00867500737497376,
        "reg_lambda": 0.002125510769927783,
        "gamma": 0.16719062878003244
      },
      "best_primary_value": -7.624691978036051,
      "metrics_test": {
        "r2": 0.9700780803496301,
        "mse": 11.535644665631253,
        "rmse": 3.3964164446709493,
        "mae": 2.5283977483986213,
        "mape": 0.04808938927899275,
        "explained_variance": 0.9700806923449563,
        "medae": 1.9432874141896015
      },
      "metrics_train": {
        "r2": 0.9733237173388835,
        "mse": 8.83231468461846,
        "rmse": 2.971921042796807,
        "mae": 2.2223082275163004,
        "mape": 0.04394251971552128,
        "explained_variance": 0.9733237483946591,
        "medae": 1.7101269350828332
      },
      "metrics_test_original": {
        "r2": 0.9499776064230373,
        "mse": 383126750.95546067,
        "rmse": 19573.62385853628,
        "mae": 10173.420839026981,
        "mape": 0.18408919507990792,
        "explained_variance": 0.9508568333527228,
        "medae": 4538.483181086907,
        "mape_floor": 0.18141601188108017
      },