{
  "models": {
    "rf": {
      "best_params": {
        "n_estimators": 344,
        "max_depth": 24,
        "min_samples_split": 2,
        "min_samples_leaf": 1,
        "max_features": null,
        "bootstrap": true
      },
      "best_primary_value": -0.03733591158059788,
      "metrics_test": {
        "r2": 0.3765721261740158,
        "mse": 0.3165269027422176,
        "rmse": 0.5626072366600146,
        "mae": 0.3630789791908061,
        "mape": 0.03337764834979777,
        "explained_variance": 0.37666646267460235,
        "medae": 0.26606909929316647
      },
      "metrics_train": {
        "r2": 0.9454368126795857,
        "mse": 0.02912521176150314,
        "rmse": 0.17066110207514523,
        "mae": 0.1155437814581767,
        "mape": 0.010677641182367246,
        "explained_variance": 0.9454680873357086,
        "medae": 0.0848893808136344
      },
      "metrics_test_original": {
        "r2": 0.5406160943750962,
        "mse": 3545888727.406943,
        "rmse": 59547.36541113253,
        "mae": 33328.304213899,
        "mape": 0.6920905289406066,
        "explained_variance": 0.5494759994089292,
        "medae": 20641.265600688792,
        "mape_floor": 0.6920905289406066
      },
      "metrics_train_original": {
        "r2": 0.9292883264481342,
        "mse": 303885135.07801026,
        "rmse": 17432.301485403765,
        "mae": 9764.749180895154,
        "mape": 0.1225681380360383,
        "explained_variance": 0.9311339394114643,
        "medae": 6058.233825022293,
        "mape_floor": 0.12097232412744988
      },
      "smearing_factor": 1.0180234390187957,
      "overfit": {
        "gap_r2": 0.5688646865055699,
        "gap_explained_variance": 0.5688016246611063,
        "ratio_rmse": 3.2966342641587314,
        "delta_rmse": 0.3919461345848693,
        "ratio_mse": 10.86779747162538,
        "delta_mse": 0.2874016909807145,
        "ratio_mae": 3.142349805491086,
        "delta_mae": 0.24753519773262941,
        "ratio_mape": 3.1259383771873392,
        "delta_mape": 0.022700007167430522,
        "ratio_medae": 3.1343036872573364,
        "delta_medae": 0.18117971847953207
      }
    },
    "gbr": {
      "best_params": {
        "learning_rate": 0.014755884383302624,
        "n_estimators": 561,
        "max_depth": 5,
        "subsample": 0.5766601823183455,
        "min_samples_leaf": 1,
        "max_features": null,
        "min_samples_split": 7,
        "min_impurity_decrease": 0.009864438325883082
      },
      "best_primary_value": -0.03599600518435839,
      "metrics_test": {
        "r2": 0.3981611937173313,
        "mse": 0.30556569781462783,
        "rmse": 0.5527799723349498,
        "mae": 0.36875042340723635,
        "mape": 0.03393371428682663,
        "explained_variance": 0.4015282936722021,
        "medae": 0.2704533175508814
      },
      "metrics_train": {
        "r2": 0.9023774067806246,
        "mse": 0.052109835217738466,
        "rmse": 0.228275787629215,
        "mae": 0.17956848254787341,
        "mape": 0.016241682222613792,
        "explained_variance": 0.9023780757223426,
        "medae": 0.14911259282848288
      },
      "metrics_test_original": {
        "r2": 0.5841819119369136,
        "mse": 3209613251.7074265,
        "rmse": 56653.44871856811,
        "mae": 34998.42374575556,
        "mape": 0.7244221042346946,
        "explained_variance": 0.5853350156903407,
        "medae": 22908.565972699216,
        "mape_floor": 0.7244221042346946
      },
      "metrics_train_original": {
        "r2": 0.8796105022554316,
        "mse": 517376791.5031432,
        "rmse": 22745.918128383895,
        "mae": 15495.053603258215,
        "mape": 0.18934067614687897,
        "explained_variance": 0.8808999571332907,
        "medae": 10645.790682569204,
        "mape_floor": 0.18881210033326842
      },
      "smearing_factor": 1.026577840287528,
      "overfit": {
        "gap_r2": 0.5042162130632933,
        "gap_explained_variance": 0.5008497820501405,
        "ratio_rmse": 2.421544475110178,
        "delta_rmse": 0.32450418470573483,
        "ratio_mse": 5.8638776449366246,
        "delta_mse": 0.25345586259688935,
        "ratio_mae": 2.05353644567847,
        "delta_mae": 0.18918194085936293,
        "ratio_mape": 2.0892980063099422,
        "delta_mape": 0.017692032064212836,
        "ratio_medae": 1.8137523626993128,
        "delta_medae": 0.12134072472239854
      }
    },
    "hgbt": {
      "best_params": {
        "learning_rate": 0.11564323687988118,
        "max_depth": 9,
        "max_leaf_nodes": 28,
        "l2_regularization": 4.254829768761493,
        "max_bins": 223,
        "min_samples_leaf": 47
      },
      "best_primary_value": -0.037502653013538126,
      "metrics_test": {
        "r2": 0.3743355865165716,
        "mse": 0.3176624390253267,
        "rmse": 0.5636155063740943,
        "mae": 0.3794540474069584,
        "mape": 0.034910717369326334,
        "explained_variance": 0.3805266743222422,
        "medae": 0.27810989957212673
      },
      "metrics_train": {
        "r2": 0.8635784527712276,
        "mse": 0.0728202776816764,
        "rmse": 0.26985232569254686,
        "mae": 0.17467202969214013,
        "mape": 0.01637328354471053,
        "explained_variance": 0.8635784550951011,
        "medae": 0.12607345994640706
      },
      "metrics_test_original": {
        "r2": 0.5664280615793796,
        "mse": 3346651526.405391,
        "rmse": 57850.250875907106,
        "mae": 36582.36217343428,
        "mape": 0.7836922565676627,
        "explained_variance": 0.5664312753192811,
        "medae": 23619.37320051348,
        "mape_floor": 0.7836922565676627
      },
      "metrics_train_original": {
        "r2": 0.8691690743053289,
        "mse": 562249081.8004011,
        "rmse": 23711.792041100587,
        "mae": 14225.24781683199,
        "mape": 0.20988242968356852,
        "explained_variance": 0.8696523494335737,
        "medae": 9425.323530588197,
        "mape_floor": 0.1977916313862197
      },
      "smearing_factor": 1.0331713205029505,
      "overfit": {
        "gap_r2": 0.48924286625465596,
        "gap_explained_variance": 0.48305178077285893,
        "ratio_rmse": 2.0886071851618695,
        "delta_rmse": 0.29376318068154744,
        "ratio_mse": 4.362279973909786,
        "delta_mse": 0.2448421613436503,
        "ratio_mae": 2.172380134791741,
        "delta_mae": 0.20478201771481824,
        "ratio_mape": 2.1321757040361287,
        "delta_mape": 0.018537433824615805,
        "ratio_medae": 2.2059353308011795,
        "delta_medae": 0.15203643962571967
      }
    },
    "xgboost": {
      "best_params": {
        "n_estimators": 1490,
        "max_depth": 5,
        "learning_rate": 0.03901044121552236,
        "subsample": 0.8066263655481786,
        "colsample_bytree": 0.6215029257598542,
        "min_child_weight": 2.737547969339373,
        "reg_alpha": 0.0013122326236070568,
        "reg_lambda": 0.0010622037411067188,
        "gamma": 0.17016094137148197
      },
      "best_primary_value": -0.0359370306861518,
      "metrics_test": {
        "r2": 0.41163767599553114,
        "mse": 0.29872341601352626,
        "rmse": 0.5465559587210868,
        "mae": 0.36307286639731573,
        "mape": 0.03341601210196206,
        "explained_variance": 0.41432903079697503,
        "medae": 0.27473243022517035
      },
      "metrics_train": {
        "r2": 0.9350277584202407,
        "mse": 0.03468144709944444,
        "rmse": 0.18622955484950407,
        "mae": 0.14444200295700996,
        "mape": 0.013039240587460347,
        "explained_variance": 0.9350278139740048,
        "medae": 0.1175994096579851
      },
      "metrics_test_original": {
        "r2": 0.6384162117142389,
        "mse": 2790989982.880393,
        "rmse": 52829.820962032354,
        "mae": 33742.861071957006,
        "mape": 0.6802472476505561,
        "explained_variance": 0.6397189659463762,
        "medae": 20783.41045184445,