{
  "models": {
    "ridge": {
      "best_params": {
        "alpha": 0.6367965211025793
      },
      "best_primary_value": -229085912206364.1,
      "metrics_test": {
        "r2": 0.5957927853241013,
        "mse": 2050128156.4916558,
        "rmse": 45278.340920264025,
        "mae": 27928.06820732125,
        "mape": 1.013419509155246,
        "explained_variance": 0.5963230215625148,
        "medae": 15969.46169859101
      },
      "metrics_train": {
        "r2": 0.7039232157440727,
        "mse": 1162216621.9286826,
        "rmse": 34091.29833151977,
        "mae": 20859.49822069712,
        "mape": 0.7398194730707396,
        "explained_variance": 0.7039232157440727,
        "medae": 13728.96912882822
      },
      "overfit": {
        "gap_r2": 0.10813043041997139,
        "gap_explained_variance": 0.10760019418155786,
        "ratio_rmse": 1.3281495025491903,
        "delta_rmse": 11187.042588744254,
        "ratio_mse": 1.763981101121662,
        "delta_mse": 887911534.5629733,
        "ratio_mae": 1.3388657728885627,
        "delta_mae": 7068.569986624127,
        "ratio_mape": 1.3698199980447738,
        "delta_mape": 0.27360003608450645,
        "ratio_medae": 1.1631945231093996,
        "delta_medae": 2240.4925697627914
      }
    }
  },
  "ensembles": {}
}