{
  "models": {
    "catboost": {
      "best_params": {
        "depth": 7,
        "learning_rate": 0.0913610690702753,
        "l2_leaf_reg": 5.904915397696943,
        "bagging_temperature": 0.2555685656859197,
        "border_count": 69,
        "random_strength": 0.029102157326546238,
        "rsm": 0.8048624077549629,
        "min_data_in_leaf": 57,
        "max_ctr_complexity": 3
      },
      "best_primary_value": -0.12430262593637167,
      "metrics_test": {
        "r2": 0.8288950527345937,
        "mse": 108.52655637621814,
        "rmse": 10.417607996858882,
        "mae": 7.682958695958379,
        "mape": 0.12600995614827146,
        "explained_variance": 0.8289293836169888,
        "medae": 5.791293182965504
      },
      "metrics_train": {
        "r2": 0.9704140052871759,
        "mse": 17.550139812204016,
        "rmse": 4.189288700030593,
        "mae": 3.1143594995693964,
        "mape": 0.04993987393258523,
        "explained_variance": 0.970418639300773,
        "medae": 2.357567318887135
      },
      "metrics_test_original": {
        "r2": 0.745453642421286,
        "mse": 1305672971.2748458,
        "rmse": 36134.09707291502,
        "mae": 20404.48044323326,
        "mape": 0.6053325509364523,
        "explained_variance": 0.7476000149248722,
        "medae": 10354.884511974495,
        "mape_floor": 0.5980014950420294
      },
      "metrics_train_original": {
        "r2": 0.9495664258610585,
        "mse": 179706057.31425217,
        "rmse": 13405.448791974559,
        "mae": 7902.63719203305,
        "mape": 0.1745206719849959,
        "explained_variance": 0.9504290771298227,
        "medae": 3957.8147892267043,
        "mape_floor": 0.1702072383063914
      },
      "smearing_factor": null,
      "overfit": {
        "gap_r2": 0.14151895255258218,
        "gap_explained_variance": 0.14148925568378423,
        "ratio_rmse": 2.4867247742517256,
        "delta_rmse": 6.228319296828289,
        "ratio_mse": 6.183800102877297,
        "delta_mse": 90.97641656401413,
        "ratio_mae": 2.4669466376700107,
        "delta_mae": 4.568599196388982,
        "ratio_mape": 2.523233364953517,
        "delta_mape": 0.07607008221568623,
        "ratio_medae": 2.456469911408181,
        "delta_medae": 3.4337258640783688
      }
    },
    "xgboost": {
      "best_params": {
        "n_estimators": 422,
        "max_depth": 5,
        "learning_rate": 0.0357814207052221,
        "subsample": 0.8320800918734917,
        "colsample_bytree": 0.7253716176250458,
        "min_child_weight": 6.721435447931674,
        "reg_alpha": 0.7975201463474745,
        "reg_lambda": 2.827869827581577,
        "gamma": 1.4487965697181315
      },
      "best_primary_value": -0.12293387595233961,
      "metrics_test": {
        "r2": 0.8314672463311108,
        "mse": 106.89509382750548,
        "rmse": 10.339008358034414,
        "mae": 7.503150329683481,
        "mape": 0.12006971028550575,
        "explained_variance": 0.8314893998891335,
        "medae": 5.349328052934823
      },
      "metrics_train": {
        "r2": 0.971413050800273,
        "mse": 16.957515207089486,
        "rmse": 4.117950364816153,
        "mae": 3.065725634031267,
        "mape": 0.049507711785448195,
        "explained_variance": 0.971413081149791,
        "medae": 2.2913499193265636
      },
      "metrics_test_original": {
        "r2": 0.7565753010674598,
        "mse": 1248625409.3761687,
        "rmse": 35335.89406504622,
        "mae": 20639.882411300656,
        "mape": 0.5644550829873116,
        "explained_variance": 0.7578828853818917,
        "medae": 11128.2578125,
        "mape_floor": 0.5623199256715113
      },
      "metrics_train_original": {
        "r2": 0.9538995052795829,
        "mse": 164266330.27473408,
        "rmse": 12816.642706837625,
        "mae": 7702.110999833724,
        "mape": 0.17263887066034939,
        "explained_variance": 0.9545480045481322,
        "medae": 4026.9254939837338,
        "mape_floor": 0.1685967461407603
      },
      "smearing_factor": null,
      "overfit": {
        "gap_r2": 0.13994580446916216,
        "gap_explained_variance": 0.13992368126065746,
        "ratio_rmse": 2.510717090320248,
        "delta_rmse": 6.2210579932182615,
        "ratio_mse": 6.303700307626172,
        "delta_mse": 89.93757862041599,
        "ratio_mae": 2.4474304700963194,
        "delta_mae": 4.437424695652214,
        "ratio_mape": 2.4252728707368343,
        "delta_mape": 0.07056199850005757,
        "ratio_medae": 2.3345749192716103,
        "delta_medae": 3.057978133608259
      }
    },
    "lightgbm": {
      "best_params": {
        "n_estimators": 628,
        "max_depth": 6,
        "learning_rate": 0.07710845770134261,
        "num_leaves": 40,
        "subsample": 0.7892234671714681,
        "colsample_bytree": 0.730994917162751,
        "reg_alpha": 7.937340225642655,
        "reg_lambda": 1.7118823199429163,
        "min_child_samples": 52,
        "min_split_gain": 0.42521998099229136
      },
      "best_primary_value": -0.12408808552547819,
      "metrics_test": {
        "r2": 0.8060301580238456,
        "mse": 123.02904928785351,
        "rmse": 11.091846072131252,
        "mae": 8.094481159707087,
        "mape": 0.13225509718928066,
        "explained_variance": 0.8063976351690609,
        "medae": 6.0218911194219515
      },
      "metrics_train": {
        "r2": 0.9878918081356829,
        "mse": 7.1824679938730736,
        "rmse": 2.6800126853940585,
        "mae": 1.9784043276760759,
        "mape": 0.032302488402975,
        "explained_variance": 0.9878918108285022,
        "medae": 1.498761152431463
      },
      "metrics_test_original": {
        "r2": 0.7559460642807551,
        "mse": 1251853023.6808767,
        "rmse": 35381.535066767196,
        "mae": 21562.472959211067,
        "mape": 0.6555122020229679,
        "explained_variance": 0.7559719910166732,
        "medae": 11111.620153131837,
        "mape_floor": 0.6536083296223978
      },
      "metrics_train_original": {
        "r2": 0.9789886779376215,
        "mse": 74868020.18805444,
        "rmse": 8652.630824671445,
        "mae": 4938.698801199717,
        "mape": 0.10923977797883379,
        "explained_variance": 0.9792256183840671,
        "medae": 2466.673587720081,
        "mape_floor": 0.10676332830105911
      },
      "smearing_factor": null,
      "overfit": {
        "gap_r2": 0.1818616501118373,
        "gap_explained_variance": 0.18149417565944126,
        "ratio_rmse": 4.138728944299886,
        "delta_rmse": 8.411833386737193,
        "ratio_mse": 17.129077274385644,
        "delta_mse": 115.84658129398044,
        "ratio_mae": 4.091419052451848,
        "delta_mae": 6.116076832031011,
        "ratio_mape": 4.094269628376376,
        "delta_mape": 0.09995260878630566,
        "ratio_medae": 4.017912467008199,
        "delta_medae": 4.5231299669904885
      }
    },
    "gbr": {
      "best_params": {
        "learning_rate": 0.06494153736862908,
        "n_estimators": 441,
        "max_depth": 6,
        "subsample": 0.865988746778748,
        "min_samples_leaf": 32,
        "max_features": null,
        "min_samples_split": 36,
        "min_impurity_decrease": 0.0017632668109117304
      },
      "best_primary_value": -0.12174982270483209,
      "metrics_test": {
        "r2": 0.8143364767442542,
        "mse": 117.76060917962573,
        "rmse": 10.851756041287775,
        "mae": 7.920651544133733,
        "mape": 0.12852378814928264,
        "explained_variance": 0.8143369667781417,
        "medae": 5.666070079416485
      },
      "metrics_train": {
        "r2": 0.9837131025999409,
        "mse": 9.661237665068693,
        "rmse": 3.1082531533111477,
        "mae": 2.294169466719824,
        "mape": 0.03747487810431581,
        "explained_variance": 0.9837131756051826,
        "medae": 1.6508999891497353
      },
      "metrics_test_original": {
        "r2": 0.7528437257007221,
        "mse": 1267766194.3513298,