{
  "models": {
    "rf": {
      "best_params": {
        "n_estimators": 1019,
        "max_depth": 37,
        "min_samples_split": 19,
        "min_samples_leaf": 3,
        "max_features": null,
        "bootstrap": true
      },
      "best_primary_value": -0.04067737667879751,
      "metrics_test": {
        "r2": 0.8465184423193761,
        "mse": 0.2882437305488125,
        "rmse": 0.5368833491074319,
        "mae": 0.3921937041268041,
        "mape": 0.039394091707042375,
        "explained_variance": 0.846572885580115,
        "medae": 0.3119804259213961
      },
      "metrics_train": {
        "r2": 0.9463497053350776,
        "mse": 0.10293436683210291,
        "rmse": 0.32083386172924905,
        "mae": 0.21354957164003238,
        "mape": 0.02195150100136588,
        "explained_variance": 0.9463501629828508,
        "medae": 0.15754501063124504
      },
      "metrics_test_original": {
        "r2": 0.6925641031245386,
        "mse": 1576965173.527582,
        "rmse": 39711.020806919354,
        "mae": 21710.771022851244,
        "mape": 0.629702993110414,
        "explained_variance": 0.694644032482393,
        "medae": 10533.170004849759,
        "mape_floor": 0.6261519917656219
      },
      "metrics_train_original": {
        "r2": 0.8736650300657606,
        "mse": 481849221.38203716,
        "rmse": 21951.06424258371,
        "mae": 10786.321125950042,
        "mape": 0.27234219977588103,
        "explained_variance": 0.8745698224344082,
        "medae": 5240.622033516785,
        "mape_floor": 0.2547794462470525
      },
      "smearing_factor": 1.0465218130359395,
      "overfit": {
        "gap_r2": 0.09983126301570144,
        "gap_explained_variance": 0.09977727740273579,
        "ratio_rmse": 1.6733998905654992,
        "delta_rmse": 0.2160494873781828,
        "ratio_mse": 2.800267193744624,
        "delta_mse": 0.1853093637167096,
        "ratio_mae": 1.836546433293256,
        "delta_mae": 0.17864413248677172,
        "ratio_mape": 1.7945967204972073,
        "delta_mape": 0.017442590705676494,
        "ratio_medae": 1.9802621782268153,
        "delta_medae": 0.15443541529015103
      }
    },
    "gbr": {
      "best_params": {
        "learning_rate": 0.03768736018005988,
        "n_estimators": 900,
        "max_depth": 4,
        "subsample": 0.9984794870162674,
        "min_samples_leaf": 16,
        "max_features": null,
        "min_samples_split": 19,
        "min_impurity_decrease": 0.008942152831506968
      },
      "best_primary_value": -0.0385117202653575,
      "metrics_test": {
        "r2": 0.8378856134442056,
        "mse": 0.30445648495248256,
        "rmse": 0.5517757560390657,
        "mae": 0.40161680313082304,
        "mape": 0.04028217179045402,
        "explained_variance": 0.8380186608317097,
        "medae": 0.3106644174322284
      },
      "metrics_train": {
        "r2": 0.9756480272882553,
        "mse": 0.046722108570914994,
        "rmse": 0.216152974929597,
        "mae": 0.15803035346908675,
        "mape": 0.015884739389416275,
        "explained_variance": 0.9756480282900715,
        "medae": 0.1185194542678154
      },
      "metrics_test_original": {
        "r2": 0.7472265041652542,
        "mse": 1296579234.153934,
        "rmse": 36008.044020106594,
        "mae": 21566.654888162986,
        "mape": 0.6005442836810908,
        "explained_variance": 0.7480296753075306,
        "medae": 10729.809809337647,
        "mape_floor": 0.6001952141211209
      },
      "metrics_train_original": {
        "r2": 0.9426076811491663,
        "mse": 218897777.59854367,
        "rmse": 14795.19440894724,
        "mae": 8283.383754593258,
        "mape": 0.16798704528374633,
        "explained_variance": 0.9427832158944253,
        "medae": 3916.325313187539,
        "mape_floor": 0.16560708932501914
      },
      "smearing_factor": 1.0232979399590463,
      "overfit": {
        "gap_r2": 0.13776241384404964,
        "gap_explained_variance": 0.13762936745836174,
        "ratio_rmse": 2.552709516113688,
        "delta_rmse": 0.3356227811094687,
        "ratio_mse": 6.516325873657379,
        "delta_mse": 0.2577343763815676,
        "ratio_mae": 2.541390272909727,
        "delta_mae": 0.2435864496617363,
        "ratio_mape": 2.535903851044187,
        "delta_mape": 0.024397432401037745,
        "ratio_medae": 2.6212103266205387,
        "delta_medae": 0.19214496316441299
      }
    },
    "hgbt": {
      "best_params": {
        "learning_rate": 0.1391704221375814,
        "max_depth": 5,
        "max_leaf_nodes": 68,
        "l2_regularization": 1.329470847042562e-06,
        "max_bins": 216,
        "min_samples_leaf": 10
      },
      "best_primary_value": -0.0388070317984685,
      "metrics_test": {
        "r2": 0.8373193015066952,
        "mse": 0.30552003856758203,
        "rmse": 0.5527386711345444,
        "mae": 0.4031953894474175,
        "mape": 0.04058855542821423,
        "explained_variance": 0.8373337544845377,
        "medae": 0.3140062231220373
      },
      "metrics_train": {
        "r2": 0.9696508304297053,
        "mse": 0.05822843235269145,
        "rmse": 0.24130568238790284,
        "mae": 0.17940501252237684,
        "mape": 0.017938550633973472,
        "explained_variance": 0.9696508304297053,
        "medae": 0.13841153659032557
      },
      "metrics_test_original": {
        "r2": 0.7189161241944675,
        "mse": 1441794818.0105855,
        "rmse": 37970.97336137942,
        "mae": 21833.479043593954,
        "mape": 0.6287536153627213,
        "explained_variance": 0.7193614576345622,
        "medae": 11585.171623649105,
        "mape_floor": 0.6284270826643794
      },
      "metrics_train_original": {
        "r2": 0.9256494924194711,
        "mse": 283577335.75814605,
        "rmse": 16839.754622860335,
        "mae": 9587.788518596304,
        "mape": 0.19278760705296083,
        "explained_variance": 0.925967356516305,
        "medae": 4483.566598739524,
        "mape_floor": 0.19001582501528874
      },
      "smearing_factor": 1.0288950689345095,
      "overfit": {
        "gap_r2": 0.13233152892301014,
        "gap_explained_variance": 0.13231707594516762,
        "ratio_rmse": 2.29061605870519,
        "delta_rmse": 0.3114329887466416,
        "ratio_mse": 5.246921928398098,
        "delta_mse": 0.24729160621489057,
        "ratio_mae": 2.247403145422861,
        "delta_mae": 0.22379037692504067,
        "ratio_mape": 2.262644081810286,
        "delta_mape": 0.02265000479424076,
        "ratio_medae": 2.26864198503512,
        "delta_medae": 0.17559468653171173
      }
    },
    "xgboost": {
      "best_params": {
        "n_estimators": 327,
        "max_depth": 5,
        "learning_rate": 0.043037212793495996,
        "subsample": 0.7742011240558294,
        "colsample_bytree": 0.8842554186502581,
        "min_child_weight": 1.1561840428654486,
        "reg_alpha": 0.012454828337187316,
        "reg_lambda": 0.00019819171193658584,
        "gamma": 0.06260998020471635
      },
      "best_primary_value": -0.03876443342601518,
      "metrics_test": {
        "r2": 0.8363081392055083,
        "mse": 0.30741903671621257,
        "rmse": 0.5544538183800456,
        "mae": 0.3952501636694438,
        "mape": 0.03956494613867961,
        "explained_variance": 0.8363122012403966,
        "medae": 0.3096270264216674
      },
      "metrics_train": {
        "r2": 0.9798606823161076,
        "mse": 0.03863963706386555,
        "rmse": 0.19656967483278173,
        "mae": 0.15071304764690532,
        "mape": 0.014956794745986117,
        "explained_variance": 0.9798607603457745,
        "medae": 0.12072444536306426
      },
      "metrics_test_original": {
        "r2": 0.6932042007601706,
        "mse": 1573681849.4613044,
        "rmse": 39669.65905400883,
        "mae": 21918.611638590417,
        "mape": 0.6112632323584543,
        "explained_variance": 0.6936369138908389,
        "medae": 10501.597656250007,