{
  "models": {
    "rf": {
      "best_params": {
        "n_estimators": 229,
        "max_depth": 40,
        "min_samples_split": 8,
        "min_samples_leaf": 4,
        "max_features": null,
        "bootstrap": true
      },
      "best_primary_value": -7.3724425550497905,
      "metrics_test": {
        "r2": 0.8515917940212514,
        "mse": 49.7013803194521,
        "rmse": 7.049920589584829,
        "mae": 5.196753611906524,
        "mape": 0.10356768454455458,
        "explained_variance": 0.853920214419285,
        "medae": 3.9673994679330633
      },
      "metrics_train": {
        "r2": 0.9616177230250607,
        "mse": 11.400922628041727,
        "rmse": 3.376525229883782,
        "mae": 2.212249873387167,
        "mape": 0.04597489659674734,
        "explained_variance": 0.961617754244489,
        "medae": 1.502988655765968
      },
      "metrics_test_original": {
        "r2": 0.6475441119027384,
        "mse": 2080710979.0656025,
        "rmse": 45614.81096163397,
        "mae": 21909.1869920907,
        "mape": 0.4722757332279418,
        "explained_variance": 0.6584472893102656,
        "medae": 9273.865363582343,
        "mape_floor": 0.4691948398871287
      },
      "metrics_train_original": {
        "r2": 0.8835273046258882,
        "mse": 485707528.28878194,
        "rmse": 22038.77329364731,
        "mae": 8663.35619873592,
        "mape": 0.2013942440337506,
        "explained_variance": 0.8852160309524845,
        "medae": 3614.6406510278757,
        "mape_floor": 0.1922136167047393
      },
      "smearing_factor": null,
      "overfit": {
        "gap_r2": 0.11002592900380925,
        "gap_explained_variance": 0.10769753982520403,
        "ratio_rmse": 2.0879217863352033,
        "delta_rmse": 3.6733953597010474,
        "ratio_mse": 4.359417385853186,
        "delta_mse": 38.30045769141037,
        "ratio_mae": 2.3490807591051164,
        "delta_mae": 2.984503738519357,
        "ratio_mape": 2.2527007608730947,
        "delta_mape": 0.057592787947807235,
        "ratio_medae": 2.6396735948157626,
        "delta_medae": 2.4644108121670953
      }
    },
    "gbr": {
      "best_params": {
        "learning_rate": 0.04940473755102855,
        "n_estimators": 1292,
        "max_depth": 3,
        "subsample": 0.939588388698158,
        "min_samples_leaf": 17,
        "max_features": null,
        "min_samples_split": 8,
        "min_impurity_decrease": 0.0031822719061471083
      },
      "best_primary_value": -6.862184047088806,
      "metrics_test": {
        "r2": 0.8444682098429527,
        "mse": 52.087043323382964,
        "rmse": 7.217135395943668,
        "mae": 5.301099218391541,
        "mape": 0.10486319713182204,
        "explained_variance": 0.8445453845576436,
        "medae": 4.091836999055417
      },
      "metrics_train": {
        "r2": 0.9566353884698239,
        "mse": 12.880855952694718,
        "rmse": 3.5889909379510443,
        "mae": 2.619376796101927,
        "mape": 0.054154991862081614,
        "explained_variance": 0.9566353973876015,
        "medae": 1.9524426890423285
      },
      "metrics_test_original": {
        "r2": 0.6628344071851853,
        "mse": 1990445256.9092946,
        "rmse": 44614.40638302043,
        "mae": 22624.27331019437,
        "mape": 0.48890298538846405,
        "explained_variance": 0.6649654882036289,
        "medae": 10308.585096400551,
        "mape_floor": 0.48794641486096196
      },
      "metrics_train_original": {
        "r2": 0.9220385291517272,
        "mse": 325110303.198916,
        "rmse": 18030.815378094136,
        "mae": 9541.98856085405,
        "mape": 0.21431733827541688,
        "explained_variance": 0.9230238880703704,
        "medae": 4647.829694635817,
        "mape_floor": 0.20990450664408195
      },
      "smearing_factor": null,
      "overfit": {
        "gap_r2": 0.1121671786268712,
        "gap_explained_variance": 0.1120900128299579,
        "ratio_rmse": 2.010909339343145,
        "delta_rmse": 3.6281444579926236,
        "ratio_mse": 4.043756371057483,
        "delta_mse": 39.20618737068825,
        "ratio_mae": 2.023801702099701,
        "delta_mae": 2.681722422289614,
        "ratio_mape": 1.9363532986743082,
        "delta_mape": 0.05070820526974043,
        "ratio_medae": 2.0957526804858273,
        "delta_medae": 2.1393943100130883
      }
    },
    "hgbt": {
      "best_params": {
        "learning_rate": 0.29501679951269855,
        "max_depth": 8,
        "max_leaf_nodes": 22,
        "l2_regularization": 0.0016016830749850724,
        "max_bins": 148,
        "min_samples_leaf": 15
      },
      "best_primary_value": -6.971078587852481,
      "metrics_test": {
        "r2": 0.8337202109262419,
        "mse": 55.686509931779234,
        "rmse": 7.462339440938025,
        "mae": 5.5324923873604925,
        "mape": 0.11102925641700441,
        "explained_variance": 0.8337754399731795,
        "medae": 4.207338272079809
      },
      "metrics_train": {
        "r2": 0.9783834421420624,
        "mse": 6.420898473111592,
        "rmse": 2.5339491851873417,
        "mae": 1.8594607574934134,
        "mape": 0.039258282933549854,
        "explained_variance": 0.9783834421420624,
        "medae": 1.3593987515365953
      },
      "metrics_test_original": {
        "r2": 0.6605451097161406,
        "mse": 2003960044.2601423,
        "rmse": 44765.61229627204,
        "mae": 22963.90042037894,
        "mape": 0.49939169956738505,
        "explained_variance": 0.6638884477113041,
        "medae": 10440.489248683443,
        "mape_floor": 0.49675739115438655
      },
      "metrics_train_original": {
        "r2": 0.9653907819892095,
        "mse": 144325308.88063392,
        "rmse": 12013.546890100106,
        "mae": 6480.296676498278,
        "mape": 0.14888762097078317,
        "explained_variance": 0.9657354062080897,
        "medae": 3354.1817362708607,
        "mape_floor": 0.14596500298688694
      },
      "smearing_factor": null,
      "overfit": {
        "gap_r2": 0.14466323121582048,
        "gap_explained_variance": 0.14460800216888292,
        "ratio_rmse": 2.944944391371571,
        "delta_rmse": 4.928390255750683,
        "ratio_mse": 8.672697468270876,
        "delta_mse": 49.26561145866764,
        "ratio_mae": 2.975320863893031,
        "delta_mae": 3.6730316298670793,
        "ratio_mape": 2.828174034125155,
        "delta_mape": 0.07177097348345456,
        "ratio_medae": 3.0949993644793685,
        "delta_medae": 2.847939520543214
      }
    },
    "xgboost": {
      "best_params": {
        "n_estimators": 1363,
        "max_depth": 3,
        "learning_rate": 0.035842768900688285,
        "subsample": 0.8781518129786987,
        "colsample_bytree": 0.7015547358525362,
        "min_child_weight": 6.222573355729687,
        "reg_alpha": 0.5943430959349257,
        "reg_lambda": 0.0001942745270091887,
        "gamma": 2.879629429921253
      },
      "best_primary_value": -6.88203019845355,
      "metrics_test": {
        "r2": 0.8488741481481197,
        "mse": 50.61151025615823,
        "rmse": 7.11417670965223,
        "mae": 5.309611818054569,
        "mape": 0.10639589009340124,
        "explained_variance": 0.8489848054775975,
        "medae": 4.217829754212346
      },
      "metrics_train": {
        "r2": 0.951862888809835,
        "mse": 14.298460734230071,
        "rmse": 3.7813305507757544,
        "mae": 2.785988569495065,
        "mape": 0.05752353403751985,
        "explained_variance": 0.951862908206882,
        "medae": 2.108777346157126
      },
      "metrics_test_original": {
        "r2": 0.6709916404673428,
        "mse": 1942289316.202465,
        "rmse": 44071.41155218954,
        "mae": 22645.418363808323,
        "mape": 0.49943941831456756,
        "explained_variance": 0.6716485124294551,
        "medae": 10513.959067821925,
        "mape_floor": 0.49835310885169315
      },
      "metrics_train_original": {
        "r2": 0.9133753321889664,